2025-11-02 22:37:04,503 INFO  Logger.cs: 70 - 
--------------------------------------------------------------------------------
2025-11-02 22:37:04,536 INFO  Logger.cs: 71 - Logging commencing for SW2URDF exporter
2025-11-02 22:37:04,537 INFO  Logger.cs: 73 - Commit version 1.6.0-4-g7f85cfe
2025-11-02 22:37:04,537 INFO  Logger.cs: 74 - Build version 1.6.7995.38578
2025-11-02 22:37:04,547 INFO  SwAddin.cs: 192 - Attempting to connect to SW
2025-11-02 22:37:04,547 INFO  SwAddin.cs: 197 - Setting up callbacks
2025-11-02 22:37:04,548 INFO  SwAddin.cs: 201 - Setting up command manager
2025-11-02 22:37:04,548 INFO  SwAddin.cs: 204 - Adding command manager
2025-11-02 22:37:04,557 INFO  SwAddin.cs: 263 - Adding Assembly export to file menu
2025-11-02 22:37:04,558 INFO  SwAddin.cs: 272 - Adding Part export to file menu
2025-11-02 22:37:04,558 INFO  SwAddin.cs: 210 - Adding event handlers
2025-11-02 22:37:04,582 INFO  SwAddin.cs: 217 - Connecting plugin to SolidWorks
2025-11-02 22:44:02,725 INFO  SwAddin.cs: 294 - Assembly export called for file 装配体1 - 副本
2025-11-02 22:44:02,727 INFO  SwAddin.cs: 299 - Save is required
2025-11-02 22:44:02,727 INFO  SwAddin.cs: 313 - Saving assembly
2025-11-02 22:44:03,088 INFO  SwAddin.cs: 316 - Opening property manager
2025-11-02 22:44:03,097 INFO  ExportHelperExtension.cs: 1125 - Retrieving features of type [CoordSys] from 装配体1 - 副本
2025-11-02 22:44:03,102 INFO  ExportHelperExtension.cs: 1136 - Found 205 in 装配体1 - 副本
2025-11-02 22:44:03,103 INFO  ExportHelperExtension.cs: 1145 - Found 6 features of type [CoordSys] in 装配体1 - 副本
2025-11-02 22:44:03,103 INFO  ExportHelperExtension.cs: 1148 - Proceeding through assembly components
2025-11-02 22:44:03,104 INFO  ExportHelperExtension.cs: 1160 - 45 components to check
2025-11-02 22:44:03,105 INFO  ExportHelperExtension.cs: 1125 - Retrieving features of type [CoordSys] from 轴1上盖-1
2025-11-02 22:44:03,105 INFO  ExportHelperExtension.cs: 1136 - Found 79 in 轴1上盖-1
2025-11-02 22:44:03,106 INFO  ExportHelperExtension.cs: 1145 - Found 0 features of type [CoordSys] in 轴1上盖-1
2025-11-02 22:44:03,106 INFO  ExportHelperExtension.cs: 1125 - Retrieving features of type [CoordSys] from 4340定子-2
2025-11-02 22:44:03,106 INFO  ExportHelperExtension.cs: 1136 - Found 33 in 4340定子-2
2025-11-02 22:44:03,106 INFO  ExportHelperExtension.cs: 1145 - Found 0 features of type [CoordSys] in 4340定子-2
2025-11-02 22:44:03,107 INFO  ExportHelperExtension.cs: 1125 - Retrieving features of type [CoordSys] from 4340定子-3
2025-11-02 22:44:03,107 INFO  ExportHelperExtension.cs: 1136 - Found 33 in 4340定子-3
2025-11-02 22:44:03,107 INFO  ExportHelperExtension.cs: 1145 - Found 0 features of type [CoordSys] in 4340定子-3
2025-11-02 22:44:03,107 INFO  ExportHelperExtension.cs: 1125 - Retrieving features of type [CoordSys] from link2-1
2025-11-02 22:44:03,107 INFO  ExportHelperExtension.cs: 1136 - Found 72 in link2-1
2025-11-02 22:44:03,108 INFO  ExportHelperExtension.cs: 1145 - Found 0 features of type [CoordSys] in link2-1
2025-11-02 22:44:03,108 INFO  ExportHelperExtension.cs: 1125 - Retrieving features of type [CoordSys] from 4340转子-3
2025-11-02 22:44:03,108 INFO  ExportHelperExtension.cs: 1136 - Found 29 in 4340转子-3
2025-11-02 22:44:03,109 INFO  ExportHelperExtension.cs: 1145 - Found 0 features of type [CoordSys] in 4340转子-3
2025-11-02 22:44:03,109 INFO  ExportHelperExtension.cs: 1125 - Retrieving features of type [CoordSys] from 电机1固定-1
2025-11-02 22:44:03,109 INFO  ExportHelperExtension.cs: 1136 - Found 32 in 电机1固定-1
2025-11-02 22:44:03,109 INFO  ExportHelperExtension.cs: 1145 - Found 0 features of type [CoordSys] in 电机1固定-1
2025-11-02 22:44:03,109 INFO  ExportHelperExtension.cs: 1125 - Retrieving features of type [CoordSys] from 关节1固定-1
2025-11-02 22:44:03,110 INFO  ExportHelperExtension.cs: 1136 - Found 34 in 关节1固定-1
2025-11-02 22:44:03,110 INFO  ExportHelperExtension.cs: 1145 - Found 0 features of type [CoordSys] in 关节1固定-1
2025-11-02 22:44:03,110 INFO  ExportHelperExtension.cs: 1125 - Retrieving features of type [CoordSys] from 法兰：30x42x7-1
2025-11-02 22:44:03,110 INFO  ExportHelperExtension.cs: 1136 - Found 31 in 法兰：30x42x7-1
2025-11-02 22:44:03,111 INFO  ExportHelperExtension.cs: 1145 - Found 0 features of type [CoordSys] in 法兰：30x42x7-1
2025-11-02 22:44:03,111 INFO  ExportHelperExtension.cs: 1125 - Retrieving features of type [CoordSys] from link2-mask-1
2025-11-02 22:44:03,196 INFO  ExportHelperExtension.cs: 1136 - Found 30 in link2-mask-1
2025-11-02 22:44:03,196 INFO  ExportHelperExtension.cs: 1145 - Found 0 features of type [CoordSys] in link2-mask-1
2025-11-02 22:44:03,196 INFO  ExportHelperExtension.cs: 1125 - Retrieving features of type [CoordSys] from link3-1
2025-11-02 22:44:03,197 INFO  ExportHelperExtension.cs: 1136 - Found 50 in link3-1
2025-11-02 22:44:03,197 INFO  ExportHelperExtension.cs: 1145 - Found 0 features of type [CoordSys] in link3-1
2025-11-02 22:44:03,197 INFO  ExportHelperExtension.cs: 1125 - Retrieving features of type [CoordSys] from link3-mask -1
2025-11-02 22:44:03,198 INFO  ExportHelperExtension.cs: 1136 - Found 30 in link3-mask -1
2025-11-02 22:44:03,198 INFO  ExportHelperExtension.cs: 1145 - Found 0 features of type [CoordSys] in link3-mask -1
2025-11-02 22:44:03,198 INFO  ExportHelperExtension.cs: 1125 - Retrieving features of type [CoordSys] from link4-1
2025-11-02 22:44:03,198 INFO  ExportHelperExtension.cs: 1136 - Found 74 in link4-1
2025-11-02 22:44:03,199 INFO  ExportHelperExtension.cs: 1145 - Found 1 features of type [CoordSys] in link4-1
2025-11-02 22:44:03,199 INFO  ExportHelperExtension.cs: 1125 - Retrieving features of type [CoordSys] from 4340转子-2
2025-11-02 22:44:03,199 INFO  ExportHelperExtension.cs: 1136 - Found 29 in 4340转子-2
2025-11-02 22:44:03,199 INFO  ExportHelperExtension.cs: 1145 - Found 0 features of type [CoordSys] in 4340转子-2
2025-11-02 22:44:03,200 INFO  ExportHelperExtension.cs: 1125 - Retrieving features of type [CoordSys] from 电机6底座-1
2025-11-02 22:44:03,200 INFO  ExportHelperExtension.cs: 1136 - Found 55 in 电机6底座-1
2025-11-02 22:44:03,200 INFO  ExportHelperExtension.cs: 1145 - Found 0 features of type [CoordSys] in 电机6底座-1
2025-11-02 22:44:03,200 INFO  ExportHelperExtension.cs: 1125 - Retrieving features of type [CoordSys] from 末端-1
2025-11-02 22:44:03,201 INFO  ExportHelperExtension.cs: 1136 - Found 33 in 末端-1
2025-11-02 22:44:03,201 INFO  ExportHelperExtension.cs: 1145 - Found 0 features of type [CoordSys] in 末端-1
2025-11-02 22:44:03,201 INFO  ExportHelperExtension.cs: 1125 - Retrieving features of type [CoordSys] from 关节_转子-1
2025-11-02 22:44:03,201 INFO  ExportHelperExtension.cs: 1136 - Found 27 in 关节_转子-1
2025-11-02 22:44:03,202 INFO  ExportHelperExtension.cs: 1145 - Found 0 features of type [CoordSys] in 关节_转子-1
2025-11-02 22:44:03,202 INFO  ExportHelperExtension.cs: 1125 - Retrieving features of type [CoordSys] from 关节_定子-3
2025-11-02 22:44:03,202 INFO  ExportHelperExtension.cs: 1136 - Found 40 in 关节_定子-3
2025-11-02 22:44:03,202 INFO  ExportHelperExtension.cs: 1145 - Found 0 features of type [CoordSys] in 关节_定子-3
2025-11-02 22:44:03,203 INFO  ExportHelperExtension.cs: 1125 - Retrieving features of type [CoordSys] from m3X10-1
2025-11-02 22:44:03,203 INFO  ExportHelperExtension.cs: 1136 - Found 29 in m3X10-1
2025-11-02 22:44:03,204 INFO  ExportHelperExtension.cs: 1145 - Found 0 features of type [CoordSys] in m3X10-1
2025-11-02 22:44:03,204 INFO  ExportHelperExtension.cs: 1125 - Retrieving features of type [CoordSys] from 地板-1
2025-11-02 22:44:03,204 INFO  ExportHelperExtension.cs: 1136 - Found 35 in 地板-1
2025-11-02 22:44:03,204 INFO  ExportHelperExtension.cs: 1145 - Found 0 features of type [CoordSys] in 地板-1
2025-11-02 22:44:03,205 INFO  ExportHelperExtension.cs: 1125 - Retrieving features of type [CoordSys] from 关节_转子-3
2025-11-02 22:44:03,205 INFO  ExportHelperExtension.cs: 1136 - Found 27 in 关节_转子-3
2025-11-02 22:44:03,205 INFO  ExportHelperExtension.cs: 1145 - Found 0 features of type [CoordSys] in 关节_转子-3
2025-11-02 22:44:03,205 INFO  ExportHelperExtension.cs: 1125 - Retrieving features of type [CoordSys] from m3X45-1
2025-11-02 22:44:03,206 INFO  ExportHelperExtension.cs: 1136 - Found 29 in m3X45-1
2025-11-02 22:44:03,206 INFO  ExportHelperExtension.cs: 1145 - Found 0 features of type [CoordSys] in m3X45-1
2025-11-02 22:44:03,206 INFO  ExportHelperExtension.cs: 1125 - Retrieving features of type [CoordSys] from 关节_定子-1
2025-11-02 22:44:03,206 INFO  ExportHelperExtension.cs: 1136 - Found 40 in 关节_定子-1
2025-11-02 22:44:03,207 INFO  ExportHelperExtension.cs: 1145 - Found 0 features of type [CoordSys] in 关节_定子-1
2025-11-02 22:44:03,207 INFO  ExportHelperExtension.cs: 1125 - Retrieving features of type [CoordSys] from 4340定子-5
2025-11-02 22:44:03,207 INFO  ExportHelperExtension.cs: 1136 - Found 33 in 4340定子-5
2025-11-02 22:44:03,207 INFO  ExportHelperExtension.cs: 1145 - Found 0 features of type [CoordSys] in 4340定子-5
2025-11-02 22:44:03,208 INFO  ExportHelperExtension.cs: 1125 - Retrieving features of type [CoordSys] from 底座-3
2025-11-02 22:44:03,208 INFO  ExportHelperExtension.cs: 1136 - Found 51 in 底座-3
2025-11-02 22:44:03,208 INFO  ExportHelperExtension.cs: 1145 - Found 0 features of type [CoordSys] in 底座-3
2025-11-02 22:44:03,208 INFO  ExportHelperExtension.cs: 1125 - Retrieving features of type [CoordSys] from 关节_定子-2
2025-11-02 22:44:03,209 INFO  ExportHelperExtension.cs: 1136 - Found 40 in 关节_定子-2
2025-11-02 22:44:03,209 INFO  ExportHelperExtension.cs: 1145 - Found 0 features of type [CoordSys] in 关节_定子-2
2025-11-02 22:44:03,209 INFO  ExportHelperExtension.cs: 1125 - Retrieving features of type [CoordSys] from 关节_转子-2
2025-11-02 22:44:03,209 INFO  ExportHelperExtension.cs: 1136 - Found 27 in 关节_转子-2
2025-11-02 22:44:03,210 INFO  ExportHelperExtension.cs: 1145 - Found 0 features of type [CoordSys] in 关节_转子-2
2025-11-02 22:44:03,210 INFO  ExportHelperExtension.cs: 1125 - Retrieving features of type [CoordSys] from 底座轴承60x85x17-3
2025-11-02 22:44:03,210 INFO  ExportHelperExtension.cs: 1136 - Found 27 in 底座轴承60x85x17-3
2025-11-02 22:44:03,210 INFO  ExportHelperExtension.cs: 1145 - Found 0 features of type [CoordSys] in 底座轴承60x85x17-3
2025-11-02 22:44:03,210 INFO  ExportHelperExtension.cs: 1125 - Retrieving features of type [CoordSys] from 4340转子-5
2025-11-02 22:44:03,211 INFO  ExportHelperExtension.cs: 1136 - Found 29 in 4340转子-5
2025-11-02 22:44:03,211 INFO  ExportHelperExtension.cs: 1145 - Found 0 features of type [CoordSys] in 4340转子-5
2025-11-02 22:44:03,211 INFO  ExportHelperExtension.cs: 1125 - Retrieving features of type [CoordSys] from m3X50-2
2025-11-02 22:44:03,211 INFO  ExportHelperExtension.cs: 1136 - Found 29 in m3X50-2
2025-11-02 22:44:03,212 INFO  ExportHelperExtension.cs: 1145 - Found 0 features of type [CoordSys] in m3X50-2
2025-11-02 22:44:03,212 INFO  ExportHelperExtension.cs: 1125 - Retrieving features of type [CoordSys] from m3X10-2
2025-11-02 22:44:03,212 INFO  ExportHelperExtension.cs: 1136 - Found 29 in m3X10-2
2025-11-02 22:44:03,212 INFO  ExportHelperExtension.cs: 1145 - Found 0 features of type [CoordSys] in m3X10-2
2025-11-02 22:44:03,212 INFO  ExportHelperExtension.cs: 1125 - Retrieving features of type [CoordSys] from m3X35-1
2025-11-02 22:44:03,212 INFO  ExportHelperExtension.cs: 1136 - Found 29 in m3X35-1
2025-11-02 22:44:03,212 INFO  ExportHelperExtension.cs: 1145 - Found 0 features of type [CoordSys] in m3X35-1
2025-11-02 22:44:03,212 INFO  ExportHelperExtension.cs: 1125 - Retrieving features of type [CoordSys] from m3X50-1
2025-11-02 22:44:03,213 INFO  ExportHelperExtension.cs: 1136 - Found 29 in m3X50-1
2025-11-02 22:44:03,213 INFO  ExportHelperExtension.cs: 1145 - Found 0 features of type [CoordSys] in m3X50-1
2025-11-02 22:44:03,213 INFO  ExportHelperExtension.cs: 1125 - Retrieving features of type [CoordSys] from m3X25-2
2025-11-02 22:44:03,213 INFO  ExportHelperExtension.cs: 1136 - Found 29 in m3X25-2
2025-11-02 22:44:03,214 INFO  ExportHelperExtension.cs: 1145 - Found 0 features of type [CoordSys] in m3X25-2
2025-11-02 22:44:03,214 INFO  ExportHelperExtension.cs: 1125 - Retrieving features of type [CoordSys] from m3X20-2
2025-11-02 22:44:03,214 INFO  ExportHelperExtension.cs: 1136 - Found 29 in m3X20-2
2025-11-02 22:44:03,214 INFO  ExportHelperExtension.cs: 1145 - Found 0 features of type [CoordSys] in m3X20-2
2025-11-02 22:44:03,215 INFO  ExportHelperExtension.cs: 1125 - Retrieving features of type [CoordSys] from m3X25-1
2025-11-02 22:44:03,215 INFO  ExportHelperExtension.cs: 1136 - Found 29 in m3X25-1
2025-11-02 22:44:03,215 INFO  ExportHelperExtension.cs: 1145 - Found 0 features of type [CoordSys] in m3X25-1
2025-11-02 22:44:03,215 INFO  ExportHelperExtension.cs: 1125 - Retrieving features of type [CoordSys] from m3X20-1
2025-11-02 22:44:03,216 INFO  ExportHelperExtension.cs: 1136 - Found 29 in m3X20-1
2025-11-02 22:44:03,216 INFO  ExportHelperExtension.cs: 1145 - Found 0 features of type [CoordSys] in m3X20-1
2025-11-02 22:44:03,216 INFO  ExportHelperExtension.cs: 1125 - Retrieving features of type [CoordSys] from m3X20-3
2025-11-02 22:44:03,217 INFO  ExportHelperExtension.cs: 1136 - Found 29 in m3X20-3
2025-11-02 22:44:03,217 INFO  ExportHelperExtension.cs: 1145 - Found 0 features of type [CoordSys] in m3X20-3
2025-11-02 22:44:03,217 INFO  ExportHelperExtension.cs: 1125 - Retrieving features of type [CoordSys] from m3X10-4
2025-11-02 22:44:03,217 INFO  ExportHelperExtension.cs: 1136 - Found 29 in m3X10-4
2025-11-02 22:44:03,218 INFO  ExportHelperExtension.cs: 1145 - Found 0 features of type [CoordSys] in m3X10-4
2025-11-02 22:44:03,218 INFO  ExportHelperExtension.cs: 1125 - Retrieving features of type [CoordSys] from m3X20-4
2025-11-02 22:44:03,218 INFO  ExportHelperExtension.cs: 1136 - Found 29 in m3X20-4
2025-11-02 22:44:03,218 INFO  ExportHelperExtension.cs: 1145 - Found 0 features of type [CoordSys] in m3X20-4
2025-11-02 22:44:03,219 INFO  ExportHelperExtension.cs: 1125 - Retrieving features of type [CoordSys] from m3X25-3
2025-11-02 22:44:03,219 INFO  ExportHelperExtension.cs: 1136 - Found 29 in m3X25-3
2025-11-02 22:44:03,219 INFO  ExportHelperExtension.cs: 1145 - Found 0 features of type [CoordSys] in m3X25-3
2025-11-02 22:44:03,219 INFO  ExportHelperExtension.cs: 1125 - Retrieving features of type [CoordSys] from m3X10-7
2025-11-02 22:44:03,220 INFO  ExportHelperExtension.cs: 1136 - Found 29 in m3X10-7
2025-11-02 22:44:03,220 INFO  ExportHelperExtension.cs: 1145 - Found 0 features of type [CoordSys] in m3X10-7
2025-11-02 22:44:03,220 INFO  ExportHelperExtension.cs: 1125 - Retrieving features of type [CoordSys] from m3X10-6
2025-11-02 22:44:03,220 INFO  ExportHelperExtension.cs: 1136 - Found 29 in m3X10-6
2025-11-02 22:44:03,220 INFO  ExportHelperExtension.cs: 1145 - Found 0 features of type [CoordSys] in m3X10-6
2025-11-02 22:44:03,221 INFO  ExportHelperExtension.cs: 1125 - Retrieving features of type [CoordSys] from m3X20-5
2025-11-02 22:44:03,221 INFO  ExportHelperExtension.cs: 1136 - Found 29 in m3X20-5
2025-11-02 22:44:03,221 INFO  ExportHelperExtension.cs: 1145 - Found 0 features of type [CoordSys] in m3X20-5
2025-11-02 22:44:03,221 INFO  ExportHelperExtension.cs: 1125 - Retrieving features of type [CoordSys] from m3X10-3
2025-11-02 22:44:03,222 INFO  ExportHelperExtension.cs: 1136 - Found 29 in m3X10-3
2025-11-02 22:44:03,222 INFO  ExportHelperExtension.cs: 1145 - Found 0 features of type [CoordSys] in m3X10-3
2025-11-02 22:44:03,222 INFO  ExportHelperExtension.cs: 1125 - Retrieving features of type [CoordSys] from m3X10-5
2025-11-02 22:44:03,222 INFO  ExportHelperExtension.cs: 1136 - Found 29 in m3X10-5
2025-11-02 22:44:03,223 INFO  ExportHelperExtension.cs: 1145 - Found 0 features of type [CoordSys] in m3X10-5
2025-11-02 22:44:03,223 INFO  ExportHelperExtension.cs: 1125 - Retrieving features of type [RefAxis] from 装配体1 - 副本
2025-11-02 22:44:03,223 INFO  ExportHelperExtension.cs: 1136 - Found 205 in 装配体1 - 副本
2025-11-02 22:44:03,224 INFO  ExportHelperExtension.cs: 1145 - Found 11 features of type [RefAxis] in 装配体1 - 副本
2025-11-02 22:44:03,224 INFO  ExportHelperExtension.cs: 1148 - Proceeding through assembly components
2025-11-02 22:44:03,224 INFO  ExportHelperExtension.cs: 1160 - 45 components to check
2025-11-02 22:44:03,224 INFO  ExportHelperExtension.cs: 1125 - Retrieving features of type [RefAxis] from 轴1上盖-1
2025-11-02 22:44:03,225 INFO  ExportHelperExtension.cs: 1136 - Found 79 in 轴1上盖-1
2025-11-02 22:44:03,225 INFO  ExportHelperExtension.cs: 1145 - Found 0 features of type [RefAxis] in 轴1上盖-1
2025-11-02 22:44:03,225 INFO  ExportHelperExtension.cs: 1125 - Retrieving features of type [RefAxis] from 4340定子-2
2025-11-02 22:44:03,226 INFO  ExportHelperExtension.cs: 1136 - Found 33 in 4340定子-2
2025-11-02 22:44:03,226 INFO  ExportHelperExtension.cs: 1145 - Found 0 features of type [RefAxis] in 4340定子-2
2025-11-02 22:44:03,226 INFO  ExportHelperExtension.cs: 1125 - Retrieving features of type [RefAxis] from 4340定子-3
2025-11-02 22:44:03,226 INFO  ExportHelperExtension.cs: 1136 - Found 33 in 4340定子-3
2025-11-02 22:44:03,226 INFO  ExportHelperExtension.cs: 1145 - Found 0 features of type [RefAxis] in 4340定子-3
2025-11-02 22:44:03,227 INFO  ExportHelperExtension.cs: 1125 - Retrieving features of type [RefAxis] from link2-1
2025-11-02 22:44:03,227 INFO  ExportHelperExtension.cs: 1136 - Found 72 in link2-1
2025-11-02 22:44:03,227 INFO  ExportHelperExtension.cs: 1145 - Found 0 features of type [RefAxis] in link2-1
2025-11-02 22:44:03,228 INFO  ExportHelperExtension.cs: 1125 - Retrieving features of type [RefAxis] from 4340转子-3
2025-11-02 22:44:03,228 INFO  ExportHelperExtension.cs: 1136 - Found 29 in 4340转子-3
2025-11-02 22:44:03,228 INFO  ExportHelperExtension.cs: 1145 - Found 0 features of type [RefAxis] in 4340转子-3
2025-11-02 22:44:03,228 INFO  ExportHelperExtension.cs: 1125 - Retrieving features of type [RefAxis] from 电机1固定-1
2025-11-02 22:44:03,229 INFO  ExportHelperExtension.cs: 1136 - Found 32 in 电机1固定-1
2025-11-02 22:44:03,229 INFO  ExportHelperExtension.cs: 1145 - Found 0 features of type [RefAxis] in 电机1固定-1
2025-11-02 22:44:03,229 INFO  ExportHelperExtension.cs: 1125 - Retrieving features of type [RefAxis] from 关节1固定-1
2025-11-02 22:44:03,230 INFO  ExportHelperExtension.cs: 1136 - Found 34 in 关节1固定-1
2025-11-02 22:44:03,230 INFO  ExportHelperExtension.cs: 1145 - Found 0 features of type [RefAxis] in 关节1固定-1
2025-11-02 22:44:03,230 INFO  ExportHelperExtension.cs: 1125 - Retrieving features of type [RefAxis] from 法兰：30x42x7-1
2025-11-02 22:44:03,230 INFO  ExportHelperExtension.cs: 1136 - Found 31 in 法兰：30x42x7-1
2025-11-02 22:44:03,231 INFO  ExportHelperExtension.cs: 1145 - Found 0 features of type [RefAxis] in 法兰：30x42x7-1
2025-11-02 22:44:03,231 INFO  ExportHelperExtension.cs: 1125 - Retrieving features of type [RefAxis] from link2-mask-1
2025-11-02 22:44:03,231 INFO  ExportHelperExtension.cs: 1136 - Found 30 in link2-mask-1
2025-11-02 22:44:03,231 INFO  ExportHelperExtension.cs: 1145 - Found 0 features of type [RefAxis] in link2-mask-1
2025-11-02 22:44:03,231 INFO  ExportHelperExtension.cs: 1125 - Retrieving features of type [RefAxis] from link3-1
2025-11-02 22:44:03,232 INFO  ExportHelperExtension.cs: 1136 - Found 50 in link3-1
2025-11-02 22:44:03,232 INFO  ExportHelperExtension.cs: 1145 - Found 0 features of type [RefAxis] in link3-1
2025-11-02 22:44:03,232 INFO  ExportHelperExtension.cs: 1125 - Retrieving features of type [RefAxis] from link3-mask -1
2025-11-02 22:44:03,232 INFO  ExportHelperExtension.cs: 1136 - Found 30 in link3-mask -1
2025-11-02 22:44:03,233 INFO  ExportHelperExtension.cs: 1145 - Found 0 features of type [RefAxis] in link3-mask -1
2025-11-02 22:44:03,233 INFO  ExportHelperExtension.cs: 1125 - Retrieving features of type [RefAxis] from link4-1
2025-11-02 22:44:03,234 INFO  ExportHelperExtension.cs: 1136 - Found 74 in link4-1
2025-11-02 22:44:03,234 INFO  ExportHelperExtension.cs: 1145 - Found 0 features of type [RefAxis] in link4-1
2025-11-02 22:44:03,234 INFO  ExportHelperExtension.cs: 1125 - Retrieving features of type [RefAxis] from 4340转子-2
2025-11-02 22:44:03,234 INFO  ExportHelperExtension.cs: 1136 - Found 29 in 4340转子-2
2025-11-02 22:44:03,234 INFO  ExportHelperExtension.cs: 1145 - Found 0 features of type [RefAxis] in 4340转子-2
2025-11-02 22:44:03,235 INFO  ExportHelperExtension.cs: 1125 - Retrieving features of type [RefAxis] from 电机6底座-1
2025-11-02 22:44:03,235 INFO  ExportHelperExtension.cs: 1136 - Found 55 in 电机6底座-1
2025-11-02 22:44:03,235 INFO  ExportHelperExtension.cs: 1145 - Found 0 features of type [RefAxis] in 电机6底座-1
2025-11-02 22:44:03,235 INFO  ExportHelperExtension.cs: 1125 - Retrieving features of type [RefAxis] from 末端-1
2025-11-02 22:44:03,236 INFO  ExportHelperExtension.cs: 1136 - Found 33 in 末端-1
2025-11-02 22:44:03,238 INFO  ExportHelperExtension.cs: 1145 - Found 0 features of type [RefAxis] in 末端-1
2025-11-02 22:44:03,239 INFO  ExportHelperExtension.cs: 1125 - Retrieving features of type [RefAxis] from 关节_转子-1
2025-11-02 22:44:03,253 INFO  ExportHelperExtension.cs: 1136 - Found 27 in 关节_转子-1
2025-11-02 22:44:03,253 INFO  ExportHelperExtension.cs: 1145 - Found 0 features of type [RefAxis] in 关节_转子-1
2025-11-02 22:44:03,253 INFO  ExportHelperExtension.cs: 1125 - Retrieving features of type [RefAxis] from 关节_定子-3
2025-11-02 22:44:03,253 INFO  ExportHelperExtension.cs: 1136 - Found 40 in 关节_定子-3
2025-11-02 22:44:03,254 INFO  ExportHelperExtension.cs: 1145 - Found 1 features of type [RefAxis] in 关节_定子-3
2025-11-02 22:44:03,254 INFO  ExportHelperExtension.cs: 1125 - Retrieving features of type [RefAxis] from m3X10-1
2025-11-02 22:44:03,254 INFO  ExportHelperExtension.cs: 1136 - Found 29 in m3X10-1
2025-11-02 22:44:03,254 INFO  ExportHelperExtension.cs: 1145 - Found 0 features of type [RefAxis] in m3X10-1
2025-11-02 22:44:03,255 INFO  ExportHelperExtension.cs: 1125 - Retrieving features of type [RefAxis] from 地板-1
2025-11-02 22:44:03,255 INFO  ExportHelperExtension.cs: 1136 - Found 35 in 地板-1
2025-11-02 22:44:03,255 INFO  ExportHelperExtension.cs: 1145 - Found 0 features of type [RefAxis] in 地板-1
2025-11-02 22:44:03,255 INFO  ExportHelperExtension.cs: 1125 - Retrieving features of type [RefAxis] from 关节_转子-3
2025-11-02 22:44:03,255 INFO  ExportHelperExtension.cs: 1136 - Found 27 in 关节_转子-3
2025-11-02 22:44:03,256 INFO  ExportHelperExtension.cs: 1145 - Found 0 features of type [RefAxis] in 关节_转子-3
2025-11-02 22:44:03,256 INFO  ExportHelperExtension.cs: 1125 - Retrieving features of type [RefAxis] from m3X45-1
2025-11-02 22:44:03,256 INFO  ExportHelperExtension.cs: 1136 - Found 29 in m3X45-1
2025-11-02 22:44:03,256 INFO  ExportHelperExtension.cs: 1145 - Found 0 features of type [RefAxis] in m3X45-1
2025-11-02 22:44:03,256 INFO  ExportHelperExtension.cs: 1125 - Retrieving features of type [RefAxis] from 关节_定子-1
2025-11-02 22:44:03,257 INFO  ExportHelperExtension.cs: 1136 - Found 40 in 关节_定子-1
2025-11-02 22:44:03,257 INFO  ExportHelperExtension.cs: 1145 - Found 1 features of type [RefAxis] in 关节_定子-1
2025-11-02 22:44:03,257 INFO  ExportHelperExtension.cs: 1125 - Retrieving features of type [RefAxis] from 4340定子-5
2025-11-02 22:44:03,257 INFO  ExportHelperExtension.cs: 1136 - Found 33 in 4340定子-5
2025-11-02 22:44:03,258 INFO  ExportHelperExtension.cs: 1145 - Found 0 features of type [RefAxis] in 4340定子-5
2025-11-02 22:44:03,258 INFO  ExportHelperExtension.cs: 1125 - Retrieving features of type [RefAxis] from 底座-3
2025-11-02 22:44:03,258 INFO  ExportHelperExtension.cs: 1136 - Found 51 in 底座-3
2025-11-02 22:44:03,258 INFO  ExportHelperExtension.cs: 1145 - Found 0 features of type [RefAxis] in 底座-3
2025-11-02 22:44:03,258 INFO  ExportHelperExtension.cs: 1125 - Retrieving features of type [RefAxis] from 关节_定子-2
2025-11-02 22:44:03,259 INFO  ExportHelperExtension.cs: 1136 - Found 40 in 关节_定子-2
2025-11-02 22:44:03,259 INFO  ExportHelperExtension.cs: 1145 - Found 1 features of type [RefAxis] in 关节_定子-2
2025-11-02 22:44:03,259 INFO  ExportHelperExtension.cs: 1125 - Retrieving features of type [RefAxis] from 关节_转子-2
2025-11-02 22:44:03,259 INFO  ExportHelperExtension.cs: 1136 - Found 27 in 关节_转子-2
2025-11-02 22:44:03,260 INFO  ExportHelperExtension.cs: 1145 - Found 0 features of type [RefAxis] in 关节_转子-2
2025-11-02 22:44:03,260 INFO  ExportHelperExtension.cs: 1125 - Retrieving features of type [RefAxis] from 底座轴承60x85x17-3
2025-11-02 22:44:03,260 INFO  ExportHelperExtension.cs: 1136 - Found 27 in 底座轴承60x85x17-3
2025-11-02 22:44:03,260 INFO  ExportHelperExtension.cs: 1145 - Found 0 features of type [RefAxis] in 底座轴承60x85x17-3
2025-11-02 22:44:03,260 INFO  ExportHelperExtension.cs: 1125 - Retrieving features of type [RefAxis] from 4340转子-5
2025-11-02 22:44:03,261 INFO  ExportHelperExtension.cs: 1136 - Found 29 in 4340转子-5
2025-11-02 22:44:03,261 INFO  ExportHelperExtension.cs: 1145 - Found 0 features of type [RefAxis] in 4340转子-5
2025-11-02 22:44:03,261 INFO  ExportHelperExtension.cs: 1125 - Retrieving features of type [RefAxis] from m3X50-2
2025-11-02 22:44:03,261 INFO  ExportHelperExtension.cs: 1136 - Found 29 in m3X50-2
2025-11-02 22:44:03,261 INFO  ExportHelperExtension.cs: 1145 - Found 0 features of type [RefAxis] in m3X50-2
2025-11-02 22:44:03,262 INFO  ExportHelperExtension.cs: 1125 - Retrieving features of type [RefAxis] from m3X10-2
2025-11-02 22:44:03,262 INFO  ExportHelperExtension.cs: 1136 - Found 29 in m3X10-2
2025-11-02 22:44:03,262 INFO  ExportHelperExtension.cs: 1145 - Found 0 features of type [RefAxis] in m3X10-2
2025-11-02 22:44:03,262 INFO  ExportHelperExtension.cs: 1125 - Retrieving features of type [RefAxis] from m3X35-1
2025-11-02 22:44:03,262 INFO  ExportHelperExtension.cs: 1136 - Found 29 in m3X35-1
2025-11-02 22:44:03,263 INFO  ExportHelperExtension.cs: 1145 - Found 0 features of type [RefAxis] in m3X35-1
2025-11-02 22:44:03,263 INFO  ExportHelperExtension.cs: 1125 - Retrieving features of type [RefAxis] from m3X50-1
2025-11-02 22:44:03,263 INFO  ExportHelperExtension.cs: 1136 - Found 29 in m3X50-1
2025-11-02 22:44:03,263 INFO  ExportHelperExtension.cs: 1145 - Found 0 features of type [RefAxis] in m3X50-1
2025-11-02 22:44:03,263 INFO  ExportHelperExtension.cs: 1125 - Retrieving features of type [RefAxis] from m3X25-2
2025-11-02 22:44:03,264 INFO  ExportHelperExtension.cs: 1136 - Found 29 in m3X25-2
2025-11-02 22:44:03,264 INFO  ExportHelperExtension.cs: 1145 - Found 0 features of type [RefAxis] in m3X25-2
2025-11-02 22:44:03,264 INFO  ExportHelperExtension.cs: 1125 - Retrieving features of type [RefAxis] from m3X20-2
2025-11-02 22:44:03,264 INFO  ExportHelperExtension.cs: 1136 - Found 29 in m3X20-2
2025-11-02 22:44:03,265 INFO  ExportHelperExtension.cs: 1145 - Found 0 features of type [RefAxis] in m3X20-2
2025-11-02 22:44:03,265 INFO  ExportHelperExtension.cs: 1125 - Retrieving features of type [RefAxis] from m3X25-1
2025-11-02 22:44:03,265 INFO  ExportHelperExtension.cs: 1136 - Found 29 in m3X25-1
2025-11-02 22:44:03,265 INFO  ExportHelperExtension.cs: 1145 - Found 0 features of type [RefAxis] in m3X25-1
2025-11-02 22:44:03,265 INFO  ExportHelperExtension.cs: 1125 - Retrieving features of type [RefAxis] from m3X20-1
2025-11-02 22:44:03,266 INFO  ExportHelperExtension.cs: 1136 - Found 29 in m3X20-1
2025-11-02 22:44:03,266 INFO  ExportHelperExtension.cs: 1145 - Found 0 features of type [RefAxis] in m3X20-1
2025-11-02 22:44:03,266 INFO  ExportHelperExtension.cs: 1125 - Retrieving features of type [RefAxis] from m3X20-3
2025-11-02 22:44:03,266 INFO  ExportHelperExtension.cs: 1136 - Found 29 in m3X20-3
2025-11-02 22:44:03,266 INFO  ExportHelperExtension.cs: 1145 - Found 0 features of type [RefAxis] in m3X20-3
2025-11-02 22:44:03,267 INFO  ExportHelperExtension.cs: 1125 - Retrieving features of type [RefAxis] from m3X10-4
2025-11-02 22:44:03,267 INFO  ExportHelperExtension.cs: 1136 - Found 29 in m3X10-4
2025-11-02 22:44:03,267 INFO  ExportHelperExtension.cs: 1145 - Found 0 features of type [RefAxis] in m3X10-4
2025-11-02 22:44:03,267 INFO  ExportHelperExtension.cs: 1125 - Retrieving features of type [RefAxis] from m3X20-4
2025-11-02 22:44:03,267 INFO  ExportHelperExtension.cs: 1136 - Found 29 in m3X20-4
2025-11-02 22:44:03,268 INFO  ExportHelperExtension.cs: 1145 - Found 0 features of type [RefAxis] in m3X20-4
2025-11-02 22:44:03,268 INFO  ExportHelperExtension.cs: 1125 - Retrieving features of type [RefAxis] from m3X25-3
2025-11-02 22:44:03,268 INFO  ExportHelperExtension.cs: 1136 - Found 29 in m3X25-3
2025-11-02 22:44:03,268 INFO  ExportHelperExtension.cs: 1145 - Found 0 features of type [RefAxis] in m3X25-3
2025-11-02 22:44:03,268 INFO  ExportHelperExtension.cs: 1125 - Retrieving features of type [RefAxis] from m3X10-7
2025-11-02 22:44:03,269 INFO  ExportHelperExtension.cs: 1136 - Found 29 in m3X10-7
2025-11-02 22:44:03,269 INFO  ExportHelperExtension.cs: 1145 - Found 0 features of type [RefAxis] in m3X10-7
2025-11-02 22:44:03,269 INFO  ExportHelperExtension.cs: 1125 - Retrieving features of type [RefAxis] from m3X10-6
2025-11-02 22:44:03,269 INFO  ExportHelperExtension.cs: 1136 - Found 29 in m3X10-6
2025-11-02 22:44:03,270 INFO  ExportHelperExtension.cs: 1145 - Found 0 features of type [RefAxis] in m3X10-6
2025-11-02 22:44:03,270 INFO  ExportHelperExtension.cs: 1125 - Retrieving features of type [RefAxis] from m3X20-5
2025-11-02 22:44:03,270 INFO  ExportHelperExtension.cs: 1136 - Found 29 in m3X20-5
2025-11-02 22:44:03,270 INFO  ExportHelperExtension.cs: 1145 - Found 0 features of type [RefAxis] in m3X20-5
2025-11-02 22:44:03,271 INFO  ExportHelperExtension.cs: 1125 - Retrieving features of type [RefAxis] from m3X10-3
2025-11-02 22:44:03,271 INFO  ExportHelperExtension.cs: 1136 - Found 29 in m3X10-3
2025-11-02 22:44:03,271 INFO  ExportHelperExtension.cs: 1145 - Found 0 features of type [RefAxis] in m3X10-3
2025-11-02 22:44:03,271 INFO  ExportHelperExtension.cs: 1125 - Retrieving features of type [RefAxis] from m3X10-5
2025-11-02 22:44:03,271 INFO  ExportHelperExtension.cs: 1136 - Found 29 in m3X10-5
2025-11-02 22:44:03,272 INFO  ExportHelperExtension.cs: 1145 - Found 0 features of type [RefAxis] in m3X10-5
2025-11-02 22:44:03,588 INFO  SwAddin.cs: 339 - Loading config tree
2025-11-02 22:44:03,591 INFO  ExportPropertyManagerExtension.cs: 520 - Starting new configuration
2025-11-02 22:44:03,595 INFO  SwAddin.cs: 344 - Showing property manager
2025-11-02 22:44:06,132 INFO  ExportPropertyManager.cs: 1018 - OnComboboxSelectionChanged called. This method no longer throws an Exception. It just silently does nothing. Ok, except for this logging message
2025-11-02 22:44:12,556 INFO  ExportPropertyManager.cs: 1136 - OnNumberBoxTrackingCompleted called. This method no longer throws an Exception. It just silently does nothing. Ok, except for this logging message
2025-11-02 22:44:23,307 INFO  ExportPropertyManager.cs: 1018 - OnComboboxSelectionChanged called. This method no longer throws an Exception. It just silently does nothing. Ok, except for this logging message
2025-11-02 22:44:25,167 INFO  ExportPropertyManager.cs: 1018 - OnComboboxSelectionChanged called. This method no longer throws an Exception. It just silently does nothing. Ok, except for this logging message
2025-11-02 22:44:26,915 INFO  ExportPropertyManager.cs: 1018 - OnComboboxSelectionChanged called. This method no longer throws an Exception. It just silently does nothing. Ok, except for this logging message
2025-11-02 22:44:41,979 INFO  ExportPropertyManager.cs: 1136 - OnNumberBoxTrackingCompleted called. This method no longer throws an Exception. It just silently does nothing. Ok, except for this logging message
2025-11-02 22:44:51,769 INFO  ExportPropertyManager.cs: 1018 - OnComboboxSelectionChanged called. This method no longer throws an Exception. It just silently does nothing. Ok, except for this logging message
2025-11-02 22:44:56,100 INFO  ExportPropertyManager.cs: 1018 - OnComboboxSelectionChanged called. This method no longer throws an Exception. It just silently does nothing. Ok, except for this logging message
2025-11-02 22:44:57,827 INFO  ExportPropertyManager.cs: 1018 - OnComboboxSelectionChanged called. This method no longer throws an Exception. It just silently does nothing. Ok, except for this logging message
2025-11-02 22:45:07,185 INFO  ExportPropertyManager.cs: 1136 - OnNumberBoxTrackingCompleted called. This method no longer throws an Exception. It just silently does nothing. Ok, except for this logging message
2025-11-02 22:45:16,058 INFO  ExportPropertyManager.cs: 1018 - OnComboboxSelectionChanged called. This method no longer throws an Exception. It just silently does nothing. Ok, except for this logging message
2025-11-02 22:45:17,376 INFO  ExportPropertyManager.cs: 1018 - OnComboboxSelectionChanged called. This method no longer throws an Exception. It just silently does nothing. Ok, except for this logging message
2025-11-02 22:45:19,214 INFO  ExportPropertyManager.cs: 1018 - OnComboboxSelectionChanged called. This method no longer throws an Exception. It just silently does nothing. Ok, except for this logging message
2025-11-02 22:45:27,871 INFO  ExportPropertyManager.cs: 1136 - OnNumberBoxTrackingCompleted called. This method no longer throws an Exception. It just silently does nothing. Ok, except for this logging message
2025-11-02 22:45:37,062 INFO  ExportPropertyManager.cs: 1018 - OnComboboxSelectionChanged called. This method no longer throws an Exception. It just silently does nothing. Ok, except for this logging message
2025-11-02 22:45:38,617 INFO  ExportPropertyManager.cs: 1018 - OnComboboxSelectionChanged called. This method no longer throws an Exception. It just silently does nothing. Ok, except for this logging message
2025-11-02 22:45:39,850 INFO  ExportPropertyManager.cs: 1018 - OnComboboxSelectionChanged called. This method no longer throws an Exception. It just silently does nothing. Ok, except for this logging message
2025-11-02 22:45:47,796 INFO  ExportPropertyManager.cs: 1136 - OnNumberBoxTrackingCompleted called. This method no longer throws an Exception. It just silently does nothing. Ok, except for this logging message
2025-11-02 22:45:57,818 INFO  ExportPropertyManager.cs: 1018 - OnComboboxSelectionChanged called. This method no longer throws an Exception. It just silently does nothing. Ok, except for this logging message
2025-11-02 22:45:59,740 INFO  ExportPropertyManager.cs: 1018 - OnComboboxSelectionChanged called. This method no longer throws an Exception. It just silently does nothing. Ok, except for this logging message
2025-11-02 22:46:01,066 INFO  ExportPropertyManager.cs: 1018 - OnComboboxSelectionChanged called. This method no longer throws an Exception. It just silently does nothing. Ok, except for this logging message
2025-11-02 22:46:07,710 INFO  ExportPropertyManager.cs: 1136 - OnNumberBoxTrackingCompleted called. This method no longer throws an Exception. It just silently does nothing. Ok, except for this logging message
2025-11-02 22:46:16,027 INFO  ExportPropertyManager.cs: 1018 - OnComboboxSelectionChanged called. This method no longer throws an Exception. It just silently does nothing. Ok, except for this logging message
2025-11-02 22:46:17,545 INFO  ExportPropertyManager.cs: 1018 - OnComboboxSelectionChanged called. This method no longer throws an Exception. It just silently does nothing. Ok, except for this logging message
2025-11-02 22:46:19,189 INFO  ExportPropertyManager.cs: 1018 - OnComboboxSelectionChanged called. This method no longer throws an Exception. It just silently does nothing. Ok, except for this logging message
2025-11-02 22:46:22,450 INFO  ExportPropertyManager.cs: 422 - Configuration saved
2025-11-02 22:46:22,658 INFO  ExportHelperExtension.cs: 347 - Creating joint link1
2025-11-02 22:46:22,875 WARN  ExportHelperExtension.cs: 351 - Creating joint from parent base_link to child link1 failed
2025-11-02 22:46:22,891 INFO  ExportHelperExtension.cs: 347 - Creating joint link2
2025-11-02 22:46:22,984 WARN  ExportHelperExtension.cs: 351 - Creating joint from parent link1 to child link2 failed
2025-11-02 22:46:22,999 INFO  ExportHelperExtension.cs: 347 - Creating joint link3
2025-11-02 22:46:23,084 WARN  ExportHelperExtension.cs: 351 - Creating joint from parent link2 to child link3 failed
2025-11-02 22:46:23,094 INFO  ExportHelperExtension.cs: 347 - Creating joint link4
2025-11-02 22:46:23,162 WARN  ExportHelperExtension.cs: 351 - Creating joint from parent link3 to child link4 failed
2025-11-02 22:46:23,170 INFO  ExportHelperExtension.cs: 347 - Creating joint link5
2025-11-02 22:46:23,244 WARN  ExportHelperExtension.cs: 351 - Creating joint from parent link4 to child link5 failed
2025-11-02 22:46:23,255 INFO  ExportHelperExtension.cs: 347 - Creating joint link6
2025-11-02 22:46:23,329 WARN  ExportHelperExtension.cs: 351 - Creating joint from parent link5 to child link6 failed
2025-11-02 22:46:23,460 INFO  ExportHelperExtension.cs: 1125 - Retrieving features of type [CoordSys] from 装配体1 - 副本
2025-11-02 22:46:23,476 INFO  ExportHelperExtension.cs: 1136 - Found 206 in 装配体1 - 副本
2025-11-02 22:46:23,477 INFO  ExportHelperExtension.cs: 1145 - Found 6 features of type [CoordSys] in 装配体1 - 副本
2025-11-02 22:46:23,477 INFO  ExportHelperExtension.cs: 1148 - Proceeding through assembly components
2025-11-02 22:46:23,477 INFO  ExportHelperExtension.cs: 1160 - 45 components to check
2025-11-02 22:46:23,478 INFO  ExportHelperExtension.cs: 1125 - Retrieving features of type [CoordSys] from 轴1上盖-1
2025-11-02 22:46:23,478 INFO  ExportHelperExtension.cs: 1136 - Found 79 in 轴1上盖-1
2025-11-02 22:46:23,478 INFO  ExportHelperExtension.cs: 1145 - Found 0 features of type [CoordSys] in 轴1上盖-1
2025-11-02 22:46:23,478 INFO  ExportHelperExtension.cs: 1125 - Retrieving features of type [CoordSys] from 4340定子-2
2025-11-02 22:46:23,479 INFO  ExportHelperExtension.cs: 1136 - Found 33 in 4340定子-2
2025-11-02 22:46:23,479 INFO  ExportHelperExtension.cs: 1145 - Found 0 features of type [CoordSys] in 4340定子-2
2025-11-02 22:46:23,479 INFO  ExportHelperExtension.cs: 1125 - Retrieving features of type [CoordSys] from 4340定子-3
2025-11-02 22:46:23,479 INFO  ExportHelperExtension.cs: 1136 - Found 33 in 4340定子-3
2025-11-02 22:46:23,480 INFO  ExportHelperExtension.cs: 1145 - Found 0 features of type [CoordSys] in 4340定子-3
2025-11-02 22:46:23,480 INFO  ExportHelperExtension.cs: 1125 - Retrieving features of type [CoordSys] from link2-1
2025-11-02 22:46:23,480 INFO  ExportHelperExtension.cs: 1136 - Found 72 in link2-1
2025-11-02 22:46:23,480 INFO  ExportHelperExtension.cs: 1145 - Found 0 features of type [CoordSys] in link2-1
2025-11-02 22:46:23,481 INFO  ExportHelperExtension.cs: 1125 - Retrieving features of type [CoordSys] from 4340转子-3
2025-11-02 22:46:23,481 INFO  ExportHelperExtension.cs: 1136 - Found 29 in 4340转子-3
2025-11-02 22:46:23,481 INFO  ExportHelperExtension.cs: 1145 - Found 0 features of type [CoordSys] in 4340转子-3
2025-11-02 22:46:23,481 INFO  ExportHelperExtension.cs: 1125 - Retrieving features of type [CoordSys] from 电机1固定-1
2025-11-02 22:46:23,482 INFO  ExportHelperExtension.cs: 1136 - Found 32 in 电机1固定-1
2025-11-02 22:46:23,482 INFO  ExportHelperExtension.cs: 1145 - Found 0 features of type [CoordSys] in 电机1固定-1
2025-11-02 22:46:23,482 INFO  ExportHelperExtension.cs: 1125 - Retrieving features of type [CoordSys] from 关节1固定-1
2025-11-02 22:46:23,482 INFO  ExportHelperExtension.cs: 1136 - Found 34 in 关节1固定-1
2025-11-02 22:46:23,482 INFO  ExportHelperExtension.cs: 1145 - Found 0 features of type [CoordSys] in 关节1固定-1
2025-11-02 22:46:23,483 INFO  ExportHelperExtension.cs: 1125 - Retrieving features of type [CoordSys] from 法兰：30x42x7-1
2025-11-02 22:46:23,483 INFO  ExportHelperExtension.cs: 1136 - Found 31 in 法兰：30x42x7-1
2025-11-02 22:46:23,483 INFO  ExportHelperExtension.cs: 1145 - Found 0 features of type [CoordSys] in 法兰：30x42x7-1
2025-11-02 22:46:23,483 INFO  ExportHelperExtension.cs: 1125 - Retrieving features of type [CoordSys] from link2-mask-1
2025-11-02 22:46:23,484 INFO  ExportHelperExtension.cs: 1136 - Found 30 in link2-mask-1
2025-11-02 22:46:23,484 INFO  ExportHelperExtension.cs: 1145 - Found 0 features of type [CoordSys] in link2-mask-1
2025-11-02 22:46:23,484 INFO  ExportHelperExtension.cs: 1125 - Retrieving features of type [CoordSys] from link3-1
2025-11-02 22:46:23,484 INFO  ExportHelperExtension.cs: 1136 - Found 50 in link3-1
2025-11-02 22:46:23,485 INFO  ExportHelperExtension.cs: 1145 - Found 0 features of type [CoordSys] in link3-1
2025-11-02 22:46:23,485 INFO  ExportHelperExtension.cs: 1125 - Retrieving features of type [CoordSys] from link3-mask -1
2025-11-02 22:46:23,485 INFO  ExportHelperExtension.cs: 1136 - Found 30 in link3-mask -1
2025-11-02 22:46:23,485 INFO  ExportHelperExtension.cs: 1145 - Found 0 features of type [CoordSys] in link3-mask -1
2025-11-02 22:46:23,485 INFO  ExportHelperExtension.cs: 1125 - Retrieving features of type [CoordSys] from link4-1
2025-11-02 22:46:23,486 INFO  ExportHelperExtension.cs: 1136 - Found 74 in link4-1
2025-11-02 22:46:23,486 INFO  ExportHelperExtension.cs: 1145 - Found 1 features of type [CoordSys] in link4-1
2025-11-02 22:46:23,486 INFO  ExportHelperExtension.cs: 1125 - Retrieving features of type [CoordSys] from 4340转子-2
2025-11-02 22:46:23,486 INFO  ExportHelperExtension.cs: 1136 - Found 29 in 4340转子-2
2025-11-02 22:46:23,487 INFO  ExportHelperExtension.cs: 1145 - Found 0 features of type [CoordSys] in 4340转子-2
2025-11-02 22:46:23,487 INFO  ExportHelperExtension.cs: 1125 - Retrieving features of type [CoordSys] from 电机6底座-1
2025-11-02 22:46:23,487 INFO  ExportHelperExtension.cs: 1136 - Found 55 in 电机6底座-1
2025-11-02 22:46:23,487 INFO  ExportHelperExtension.cs: 1145 - Found 0 features of type [CoordSys] in 电机6底座-1
2025-11-02 22:46:23,488 INFO  ExportHelperExtension.cs: 1125 - Retrieving features of type [CoordSys] from 末端-1
2025-11-02 22:46:23,488 INFO  ExportHelperExtension.cs: 1136 - Found 33 in 末端-1
2025-11-02 22:46:23,488 INFO  ExportHelperExtension.cs: 1145 - Found 0 features of type [CoordSys] in 末端-1
2025-11-02 22:46:23,488 INFO  ExportHelperExtension.cs: 1125 - Retrieving features of type [CoordSys] from 关节_转子-1
2025-11-02 22:46:23,489 INFO  ExportHelperExtension.cs: 1136 - Found 27 in 关节_转子-1
2025-11-02 22:46:23,489 INFO  ExportHelperExtension.cs: 1145 - Found 0 features of type [CoordSys] in 关节_转子-1
2025-11-02 22:46:23,489 INFO  ExportHelperExtension.cs: 1125 - Retrieving features of type [CoordSys] from 关节_定子-3
2025-11-02 22:46:23,489 INFO  ExportHelperExtension.cs: 1136 - Found 40 in 关节_定子-3
2025-11-02 22:46:23,489 INFO  ExportHelperExtension.cs: 1145 - Found 0 features of type [CoordSys] in 关节_定子-3
2025-11-02 22:46:23,490 INFO  ExportHelperExtension.cs: 1125 - Retrieving features of type [CoordSys] from m3X10-1
2025-11-02 22:46:23,490 INFO  ExportHelperExtension.cs: 1136 - Found 29 in m3X10-1
2025-11-02 22:46:23,490 INFO  ExportHelperExtension.cs: 1145 - Found 0 features of type [CoordSys] in m3X10-1
2025-11-02 22:46:23,490 INFO  ExportHelperExtension.cs: 1125 - Retrieving features of type [CoordSys] from 地板-1
2025-11-02 22:46:23,491 INFO  ExportHelperExtension.cs: 1136 - Found 35 in 地板-1
2025-11-02 22:46:23,491 INFO  ExportHelperExtension.cs: 1145 - Found 0 features of type [CoordSys] in 地板-1
2025-11-02 22:46:23,491 INFO  ExportHelperExtension.cs: 1125 - Retrieving features of type [CoordSys] from 关节_转子-3
2025-11-02 22:46:23,491 INFO  ExportHelperExtension.cs: 1136 - Found 27 in 关节_转子-3
2025-11-02 22:46:23,491 INFO  ExportHelperExtension.cs: 1145 - Found 0 features of type [CoordSys] in 关节_转子-3
2025-11-02 22:46:23,491 INFO  ExportHelperExtension.cs: 1125 - Retrieving features of type [CoordSys] from m3X45-1
2025-11-02 22:46:23,491 INFO  ExportHelperExtension.cs: 1136 - Found 29 in m3X45-1
2025-11-02 22:46:23,493 INFO  ExportHelperExtension.cs: 1145 - Found 0 features of type [CoordSys] in m3X45-1
2025-11-02 22:46:23,493 INFO  ExportHelperExtension.cs: 1125 - Retrieving features of type [CoordSys] from 关节_定子-1
2025-11-02 22:46:23,493 INFO  ExportHelperExtension.cs: 1136 - Found 40 in 关节_定子-1
2025-11-02 22:46:23,493 INFO  ExportHelperExtension.cs: 1145 - Found 0 features of type [CoordSys] in 关节_定子-1
2025-11-02 22:46:23,493 INFO  ExportHelperExtension.cs: 1125 - Retrieving features of type [CoordSys] from 4340定子-5
2025-11-02 22:46:23,494 INFO  ExportHelperExtension.cs: 1136 - Found 33 in 4340定子-5
2025-11-02 22:46:23,494 INFO  ExportHelperExtension.cs: 1145 - Found 0 features of type [CoordSys] in 4340定子-5
2025-11-02 22:46:23,494 INFO  ExportHelperExtension.cs: 1125 - Retrieving features of type [CoordSys] from 底座-3
2025-11-02 22:46:23,494 INFO  ExportHelperExtension.cs: 1136 - Found 51 in 底座-3
2025-11-02 22:46:23,495 INFO  ExportHelperExtension.cs: 1145 - Found 0 features of type [CoordSys] in 底座-3
2025-11-02 22:46:23,495 INFO  ExportHelperExtension.cs: 1125 - Retrieving features of type [CoordSys] from 关节_定子-2
2025-11-02 22:46:23,495 INFO  ExportHelperExtension.cs: 1136 - Found 40 in 关节_定子-2
2025-11-02 22:46:23,495 INFO  ExportHelperExtension.cs: 1145 - Found 0 features of type [CoordSys] in 关节_定子-2
2025-11-02 22:46:23,495 INFO  ExportHelperExtension.cs: 1125 - Retrieving features of type [CoordSys] from 关节_转子-2
2025-11-02 22:46:23,496 INFO  ExportHelperExtension.cs: 1136 - Found 27 in 关节_转子-2
2025-11-02 22:46:23,496 INFO  ExportHelperExtension.cs: 1145 - Found 0 features of type [CoordSys] in 关节_转子-2
2025-11-02 22:46:23,496 INFO  ExportHelperExtension.cs: 1125 - Retrieving features of type [CoordSys] from 底座轴承60x85x17-3
2025-11-02 22:46:23,496 INFO  ExportHelperExtension.cs: 1136 - Found 27 in 底座轴承60x85x17-3
2025-11-02 22:46:23,496 INFO  ExportHelperExtension.cs: 1145 - Found 0 features of type [CoordSys] in 底座轴承60x85x17-3
2025-11-02 22:46:23,497 INFO  ExportHelperExtension.cs: 1125 - Retrieving features of type [CoordSys] from 4340转子-5
2025-11-02 22:46:23,497 INFO  ExportHelperExtension.cs: 1136 - Found 29 in 4340转子-5
2025-11-02 22:46:23,497 INFO  ExportHelperExtension.cs: 1145 - Found 0 features of type [CoordSys] in 4340转子-5
2025-11-02 22:46:23,497 INFO  ExportHelperExtension.cs: 1125 - Retrieving features of type [CoordSys] from m3X50-2
2025-11-02 22:46:23,498 INFO  ExportHelperExtension.cs: 1136 - Found 29 in m3X50-2
2025-11-02 22:46:23,498 INFO  ExportHelperExtension.cs: 1145 - Found 0 features of type [CoordSys] in m3X50-2
2025-11-02 22:46:23,498 INFO  ExportHelperExtension.cs: 1125 - Retrieving features of type [CoordSys] from m3X10-2
2025-11-02 22:46:23,498 INFO  ExportHelperExtension.cs: 1136 - Found 29 in m3X10-2
2025-11-02 22:46:23,498 INFO  ExportHelperExtension.cs: 1145 - Found 0 features of type [CoordSys] in m3X10-2
2025-11-02 22:46:23,499 INFO  ExportHelperExtension.cs: 1125 - Retrieving features of type [CoordSys] from m3X35-1
2025-11-02 22:46:23,499 INFO  ExportHelperExtension.cs: 1136 - Found 29 in m3X35-1
2025-11-02 22:46:23,499 INFO  ExportHelperExtension.cs: 1145 - Found 0 features of type [CoordSys] in m3X35-1
2025-11-02 22:46:23,499 INFO  ExportHelperExtension.cs: 1125 - Retrieving features of type [CoordSys] from m3X50-1
2025-11-02 22:46:23,500 INFO  ExportHelperExtension.cs: 1136 - Found 29 in m3X50-1
2025-11-02 22:46:23,500 INFO  ExportHelperExtension.cs: 1145 - Found 0 features of type [CoordSys] in m3X50-1
2025-11-02 22:46:23,500 INFO  ExportHelperExtension.cs: 1125 - Retrieving features of type [CoordSys] from m3X25-2
2025-11-02 22:46:23,500 INFO  ExportHelperExtension.cs: 1136 - Found 29 in m3X25-2
2025-11-02 22:46:23,501 INFO  ExportHelperExtension.cs: 1145 - Found 0 features of type [CoordSys] in m3X25-2
2025-11-02 22:46:23,501 INFO  ExportHelperExtension.cs: 1125 - Retrieving features of type [CoordSys] from m3X20-2
2025-11-02 22:46:23,501 INFO  ExportHelperExtension.cs: 1136 - Found 29 in m3X20-2
2025-11-02 22:46:23,501 INFO  ExportHelperExtension.cs: 1145 - Found 0 features of type [CoordSys] in m3X20-2
2025-11-02 22:46:23,501 INFO  ExportHelperExtension.cs: 1125 - Retrieving features of type [CoordSys] from m3X25-1
2025-11-02 22:46:23,502 INFO  ExportHelperExtension.cs: 1136 - Found 29 in m3X25-1
2025-11-02 22:46:23,502 INFO  ExportHelperExtension.cs: 1145 - Found 0 features of type [CoordSys] in m3X25-1
2025-11-02 22:46:23,502 INFO  ExportHelperExtension.cs: 1125 - Retrieving features of type [CoordSys] from m3X20-1
2025-11-02 22:46:23,502 INFO  ExportHelperExtension.cs: 1136 - Found 29 in m3X20-1
2025-11-02 22:46:23,503 INFO  ExportHelperExtension.cs: 1145 - Found 0 features of type [CoordSys] in m3X20-1
2025-11-02 22:46:23,505 INFO  ExportHelperExtension.cs: 1125 - Retrieving features of type [CoordSys] from m3X20-3
2025-11-02 22:46:23,505 INFO  ExportHelperExtension.cs: 1136 - Found 29 in m3X20-3
2025-11-02 22:46:23,505 INFO  ExportHelperExtension.cs: 1145 - Found 0 features of type [CoordSys] in m3X20-3
2025-11-02 22:46:23,505 INFO  ExportHelperExtension.cs: 1125 - Retrieving features of type [CoordSys] from m3X10-4
2025-11-02 22:46:23,516 INFO  ExportHelperExtension.cs: 1136 - Found 29 in m3X10-4
2025-11-02 22:46:23,517 INFO  ExportHelperExtension.cs: 1145 - Found 0 features of type [CoordSys] in m3X10-4
2025-11-02 22:46:23,517 INFO  ExportHelperExtension.cs: 1125 - Retrieving features of type [CoordSys] from m3X20-4
2025-11-02 22:46:23,517 INFO  ExportHelperExtension.cs: 1136 - Found 29 in m3X20-4
2025-11-02 22:46:23,517 INFO  ExportHelperExtension.cs: 1145 - Found 0 features of type [CoordSys] in m3X20-4
2025-11-02 22:46:23,518 INFO  ExportHelperExtension.cs: 1125 - Retrieving features of type [CoordSys] from m3X25-3
2025-11-02 22:46:23,518 INFO  ExportHelperExtension.cs: 1136 - Found 29 in m3X25-3
2025-11-02 22:46:23,518 INFO  ExportHelperExtension.cs: 1145 - Found 0 features of type [CoordSys] in m3X25-3
2025-11-02 22:46:23,518 INFO  ExportHelperExtension.cs: 1125 - Retrieving features of type [CoordSys] from m3X10-7
2025-11-02 22:46:23,518 INFO  ExportHelperExtension.cs: 1136 - Found 29 in m3X10-7
2025-11-02 22:46:23,519 INFO  ExportHelperExtension.cs: 1145 - Found 0 features of type [CoordSys] in m3X10-7
2025-11-02 22:46:23,519 INFO  ExportHelperExtension.cs: 1125 - Retrieving features of type [CoordSys] from m3X10-6
2025-11-02 22:46:23,519 INFO  ExportHelperExtension.cs: 1136 - Found 29 in m3X10-6
2025-11-02 22:46:23,519 INFO  ExportHelperExtension.cs: 1145 - Found 0 features of type [CoordSys] in m3X10-6
2025-11-02 22:46:23,519 INFO  ExportHelperExtension.cs: 1125 - Retrieving features of type [CoordSys] from m3X20-5
2025-11-02 22:46:23,520 INFO  ExportHelperExtension.cs: 1136 - Found 29 in m3X20-5
2025-11-02 22:46:23,520 INFO  ExportHelperExtension.cs: 1145 - Found 0 features of type [CoordSys] in m3X20-5
2025-11-02 22:46:23,520 INFO  ExportHelperExtension.cs: 1125 - Retrieving features of type [CoordSys] from m3X10-3
2025-11-02 22:46:23,520 INFO  ExportHelperExtension.cs: 1136 - Found 29 in m3X10-3
2025-11-02 22:46:23,521 INFO  ExportHelperExtension.cs: 1145 - Found 0 features of type [CoordSys] in m3X10-3
2025-11-02 22:46:23,521 INFO  ExportHelperExtension.cs: 1125 - Retrieving features of type [CoordSys] from m3X10-5
2025-11-02 22:46:23,521 INFO  ExportHelperExtension.cs: 1136 - Found 29 in m3X10-5
2025-11-02 22:46:23,521 INFO  ExportHelperExtension.cs: 1145 - Found 0 features of type [CoordSys] in m3X10-5
2025-11-02 22:46:23,521 INFO  ExportHelperExtension.cs: 1125 - Retrieving features of type [RefAxis] from 装配体1 - 副本
2025-11-02 22:46:23,522 INFO  ExportHelperExtension.cs: 1136 - Found 206 in 装配体1 - 副本
2025-11-02 22:46:23,522 INFO  ExportHelperExtension.cs: 1145 - Found 11 features of type [RefAxis] in 装配体1 - 副本
2025-11-02 22:46:23,522 INFO  ExportHelperExtension.cs: 1148 - Proceeding through assembly components
2025-11-02 22:46:23,522 INFO  ExportHelperExtension.cs: 1160 - 45 components to check
2025-11-02 22:46:23,523 INFO  ExportHelperExtension.cs: 1125 - Retrieving features of type [RefAxis] from 轴1上盖-1
2025-11-02 22:46:23,523 INFO  ExportHelperExtension.cs: 1136 - Found 79 in 轴1上盖-1
2025-11-02 22:46:23,523 INFO  ExportHelperExtension.cs: 1145 - Found 0 features of type [RefAxis] in 轴1上盖-1
2025-11-02 22:46:23,524 INFO  ExportHelperExtension.cs: 1125 - Retrieving features of type [RefAxis] from 4340定子-2
2025-11-02 22:46:23,524 INFO  ExportHelperExtension.cs: 1136 - Found 33 in 4340定子-2
2025-11-02 22:46:23,524 INFO  ExportHelperExtension.cs: 1145 - Found 0 features of type [RefAxis] in 4340定子-2
2025-11-02 22:46:23,524 INFO  ExportHelperExtension.cs: 1125 - Retrieving features of type [RefAxis] from 4340定子-3
2025-11-02 22:46:23,524 INFO  ExportHelperExtension.cs: 1136 - Found 33 in 4340定子-3
2025-11-02 22:46:23,525 INFO  ExportHelperExtension.cs: 1145 - Found 0 features of type [RefAxis] in 4340定子-3
2025-11-02 22:46:23,525 INFO  ExportHelperExtension.cs: 1125 - Retrieving features of type [RefAxis] from link2-1
2025-11-02 22:46:23,525 INFO  ExportHelperExtension.cs: 1136 - Found 72 in link2-1
2025-11-02 22:46:23,525 INFO  ExportHelperExtension.cs: 1145 - Found 0 features of type [RefAxis] in link2-1
2025-11-02 22:46:23,526 INFO  ExportHelperExtension.cs: 1125 - Retrieving features of type [RefAxis] from 4340转子-3
2025-11-02 22:46:23,526 INFO  ExportHelperExtension.cs: 1136 - Found 29 in 4340转子-3
2025-11-02 22:46:23,526 INFO  ExportHelperExtension.cs: 1145 - Found 0 features of type [RefAxis] in 4340转子-3
2025-11-02 22:46:23,526 INFO  ExportHelperExtension.cs: 1125 - Retrieving features of type [RefAxis] from 电机1固定-1
2025-11-02 22:46:23,526 INFO  ExportHelperExtension.cs: 1136 - Found 32 in 电机1固定-1
2025-11-02 22:46:23,527 INFO  ExportHelperExtension.cs: 1145 - Found 0 features of type [RefAxis] in 电机1固定-1
2025-11-02 22:46:23,527 INFO  ExportHelperExtension.cs: 1125 - Retrieving features of type [RefAxis] from 关节1固定-1
2025-11-02 22:46:23,527 INFO  ExportHelperExtension.cs: 1136 - Found 34 in 关节1固定-1
2025-11-02 22:46:23,527 INFO  ExportHelperExtension.cs: 1145 - Found 0 features of type [RefAxis] in 关节1固定-1
2025-11-02 22:46:23,528 INFO  ExportHelperExtension.cs: 1125 - Retrieving features of type [RefAxis] from 法兰：30x42x7-1
2025-11-02 22:46:23,528 INFO  ExportHelperExtension.cs: 1136 - Found 31 in 法兰：30x42x7-1
2025-11-02 22:46:23,528 INFO  ExportHelperExtension.cs: 1145 - Found 0 features of type [RefAxis] in 法兰：30x42x7-1
2025-11-02 22:46:23,528 INFO  ExportHelperExtension.cs: 1125 - Retrieving features of type [RefAxis] from link2-mask-1
2025-11-02 22:46:23,529 INFO  ExportHelperExtension.cs: 1136 - Found 30 in link2-mask-1
2025-11-02 22:46:23,529 INFO  ExportHelperExtension.cs: 1145 - Found 0 features of type [RefAxis] in link2-mask-1
2025-11-02 22:46:23,529 INFO  ExportHelperExtension.cs: 1125 - Retrieving features of type [RefAxis] from link3-1
2025-11-02 22:46:23,529 INFO  ExportHelperExtension.cs: 1136 - Found 50 in link3-1
2025-11-02 22:46:23,530 INFO  ExportHelperExtension.cs: 1145 - Found 0 features of type [RefAxis] in link3-1
2025-11-02 22:46:23,530 INFO  ExportHelperExtension.cs: 1125 - Retrieving features of type [RefAxis] from link3-mask -1
2025-11-02 22:46:23,530 INFO  ExportHelperExtension.cs: 1136 - Found 30 in link3-mask -1
2025-11-02 22:46:23,530 INFO  ExportHelperExtension.cs: 1145 - Found 0 features of type [RefAxis] in link3-mask -1
2025-11-02 22:46:23,531 INFO  ExportHelperExtension.cs: 1125 - Retrieving features of type [RefAxis] from link4-1
2025-11-02 22:46:23,531 INFO  ExportHelperExtension.cs: 1136 - Found 74 in link4-1
2025-11-02 22:46:23,531 INFO  ExportHelperExtension.cs: 1145 - Found 0 features of type [RefAxis] in link4-1
2025-11-02 22:46:23,531 INFO  ExportHelperExtension.cs: 1125 - Retrieving features of type [RefAxis] from 4340转子-2
2025-11-02 22:46:23,532 INFO  ExportHelperExtension.cs: 1136 - Found 29 in 4340转子-2
2025-11-02 22:46:23,532 INFO  ExportHelperExtension.cs: 1145 - Found 0 features of type [RefAxis] in 4340转子-2
2025-11-02 22:46:23,532 INFO  ExportHelperExtension.cs: 1125 - Retrieving features of type [RefAxis] from 电机6底座-1
2025-11-02 22:46:23,532 INFO  ExportHelperExtension.cs: 1136 - Found 55 in 电机6底座-1
2025-11-02 22:46:23,532 INFO  ExportHelperExtension.cs: 1145 - Found 0 features of type [RefAxis] in 电机6底座-1
2025-11-02 22:46:23,533 INFO  ExportHelperExtension.cs: 1125 - Retrieving features of type [RefAxis] from 末端-1
2025-11-02 22:46:23,533 INFO  ExportHelperExtension.cs: 1136 - Found 33 in 末端-1
2025-11-02 22:46:23,533 INFO  ExportHelperExtension.cs: 1145 - Found 0 features of type [RefAxis] in 末端-1
2025-11-02 22:46:23,533 INFO  ExportHelperExtension.cs: 1125 - Retrieving features of type [RefAxis] from 关节_转子-1
2025-11-02 22:46:23,533 INFO  ExportHelperExtension.cs: 1136 - Found 27 in 关节_转子-1
2025-11-02 22:46:23,533 INFO  ExportHelperExtension.cs: 1145 - Found 0 features of type [RefAxis] in 关节_转子-1
2025-11-02 22:46:23,533 INFO  ExportHelperExtension.cs: 1125 - Retrieving features of type [RefAxis] from 关节_定子-3
2025-11-02 22:46:23,534 INFO  ExportHelperExtension.cs: 1136 - Found 40 in 关节_定子-3
2025-11-02 22:46:23,534 INFO  ExportHelperExtension.cs: 1145 - Found 1 features of type [RefAxis] in 关节_定子-3
2025-11-02 22:46:23,534 INFO  ExportHelperExtension.cs: 1125 - Retrieving features of type [RefAxis] from m3X10-1
2025-11-02 22:46:23,534 INFO  ExportHelperExtension.cs: 1136 - Found 29 in m3X10-1
2025-11-02 22:46:23,535 INFO  ExportHelperExtension.cs: 1145 - Found 0 features of type [RefAxis] in m3X10-1
2025-11-02 22:46:23,535 INFO  ExportHelperExtension.cs: 1125 - Retrieving features of type [RefAxis] from 地板-1
2025-11-02 22:46:23,535 INFO  ExportHelperExtension.cs: 1136 - Found 35 in 地板-1
2025-11-02 22:46:23,535 INFO  ExportHelperExtension.cs: 1145 - Found 0 features of type [RefAxis] in 地板-1
2025-11-02 22:46:23,536 INFO  ExportHelperExtension.cs: 1125 - Retrieving features of type [RefAxis] from 关节_转子-3
2025-11-02 22:46:23,536 INFO  ExportHelperExtension.cs: 1136 - Found 27 in 关节_转子-3
2025-11-02 22:46:23,536 INFO  ExportHelperExtension.cs: 1145 - Found 0 features of type [RefAxis] in 关节_转子-3
2025-11-02 22:46:23,536 INFO  ExportHelperExtension.cs: 1125 - Retrieving features of type [RefAxis] from m3X45-1
2025-11-02 22:46:23,536 INFO  ExportHelperExtension.cs: 1136 - Found 29 in m3X45-1
2025-11-02 22:46:23,537 INFO  ExportHelperExtension.cs: 1145 - Found 0 features of type [RefAxis] in m3X45-1
2025-11-02 22:46:23,537 INFO  ExportHelperExtension.cs: 1125 - Retrieving features of type [RefAxis] from 关节_定子-1
2025-11-02 22:46:23,537 INFO  ExportHelperExtension.cs: 1136 - Found 40 in 关节_定子-1
2025-11-02 22:46:23,537 INFO  ExportHelperExtension.cs: 1145 - Found 1 features of type [RefAxis] in 关节_定子-1
2025-11-02 22:46:23,537 INFO  ExportHelperExtension.cs: 1125 - Retrieving features of type [RefAxis] from 4340定子-5
2025-11-02 22:46:23,538 INFO  ExportHelperExtension.cs: 1136 - Found 33 in 4340定子-5
2025-11-02 22:46:23,538 INFO  ExportHelperExtension.cs: 1145 - Found 0 features of type [RefAxis] in 4340定子-5
2025-11-02 22:46:23,538 INFO  ExportHelperExtension.cs: 1125 - Retrieving features of type [RefAxis] from 底座-3
2025-11-02 22:46:23,538 INFO  ExportHelperExtension.cs: 1136 - Found 51 in 底座-3
2025-11-02 22:46:23,539 INFO  ExportHelperExtension.cs: 1145 - Found 0 features of type [RefAxis] in 底座-3
2025-11-02 22:46:23,539 INFO  ExportHelperExtension.cs: 1125 - Retrieving features of type [RefAxis] from 关节_定子-2
2025-11-02 22:46:23,539 INFO  ExportHelperExtension.cs: 1136 - Found 40 in 关节_定子-2
2025-11-02 22:46:23,539 INFO  ExportHelperExtension.cs: 1145 - Found 1 features of type [RefAxis] in 关节_定子-2
2025-11-02 22:46:23,540 INFO  ExportHelperExtension.cs: 1125 - Retrieving features of type [RefAxis] from 关节_转子-2
2025-11-02 22:46:23,540 INFO  ExportHelperExtension.cs: 1136 - Found 27 in 关节_转子-2
2025-11-02 22:46:23,540 INFO  ExportHelperExtension.cs: 1145 - Found 0 features of type [RefAxis] in 关节_转子-2
2025-11-02 22:46:23,540 INFO  ExportHelperExtension.cs: 1125 - Retrieving features of type [RefAxis] from 底座轴承60x85x17-3
2025-11-02 22:46:23,540 INFO  ExportHelperExtension.cs: 1136 - Found 27 in 底座轴承60x85x17-3
2025-11-02 22:46:23,541 INFO  ExportHelperExtension.cs: 1145 - Found 0 features of type [RefAxis] in 底座轴承60x85x17-3
2025-11-02 22:46:23,545 INFO  ExportHelperExtension.cs: 1125 - Retrieving features of type [RefAxis] from 4340转子-5
2025-11-02 22:46:23,547 INFO  ExportHelperExtension.cs: 1136 - Found 29 in 4340转子-5
2025-11-02 22:46:23,548 INFO  ExportHelperExtension.cs: 1145 - Found 0 features of type [RefAxis] in 4340转子-5
2025-11-02 22:46:23,548 INFO  ExportHelperExtension.cs: 1125 - Retrieving features of type [RefAxis] from m3X50-2
2025-11-02 22:46:23,548 INFO  ExportHelperExtension.cs: 1136 - Found 29 in m3X50-2
2025-11-02 22:46:23,548 INFO  ExportHelperExtension.cs: 1145 - Found 0 features of type [RefAxis] in m3X50-2
2025-11-02 22:46:23,549 INFO  ExportHelperExtension.cs: 1125 - Retrieving features of type [RefAxis] from m3X10-2
2025-11-02 22:46:23,549 INFO  ExportHelperExtension.cs: 1136 - Found 29 in m3X10-2
2025-11-02 22:46:23,549 INFO  ExportHelperExtension.cs: 1145 - Found 0 features of type [RefAxis] in m3X10-2
2025-11-02 22:46:23,549 INFO  ExportHelperExtension.cs: 1125 - Retrieving features of type [RefAxis] from m3X35-1
2025-11-02 22:46:23,550 INFO  ExportHelperExtension.cs: 1136 - Found 29 in m3X35-1
2025-11-02 22:46:23,550 INFO  ExportHelperExtension.cs: 1145 - Found 0 features of type [RefAxis] in m3X35-1
2025-11-02 22:46:23,550 INFO  ExportHelperExtension.cs: 1125 - Retrieving features of type [RefAxis] from m3X50-1
2025-11-02 22:46:23,550 INFO  ExportHelperExtension.cs: 1136 - Found 29 in m3X50-1
2025-11-02 22:46:23,550 INFO  ExportHelperExtension.cs: 1145 - Found 0 features of type [RefAxis] in m3X50-1
2025-11-02 22:46:23,551 INFO  ExportHelperExtension.cs: 1125 - Retrieving features of type [RefAxis] from m3X25-2
2025-11-02 22:46:23,551 INFO  ExportHelperExtension.cs: 1136 - Found 29 in m3X25-2
2025-11-02 22:46:23,551 INFO  ExportHelperExtension.cs: 1145 - Found 0 features of type [RefAxis] in m3X25-2
2025-11-02 22:46:23,551 INFO  ExportHelperExtension.cs: 1125 - Retrieving features of type [RefAxis] from m3X20-2
2025-11-02 22:46:23,552 INFO  ExportHelperExtension.cs: 1136 - Found 29 in m3X20-2
2025-11-02 22:46:23,552 INFO  ExportHelperExtension.cs: 1145 - Found 0 features of type [RefAxis] in m3X20-2
2025-11-02 22:46:23,552 INFO  ExportHelperExtension.cs: 1125 - Retrieving features of type [RefAxis] from m3X25-1
2025-11-02 22:46:23,552 INFO  ExportHelperExtension.cs: 1136 - Found 29 in m3X25-1
2025-11-02 22:46:23,553 INFO  ExportHelperExtension.cs: 1145 - Found 0 features of type [RefAxis] in m3X25-1
2025-11-02 22:46:23,553 INFO  ExportHelperExtension.cs: 1125 - Retrieving features of type [RefAxis] from m3X20-1
2025-11-02 22:46:23,553 INFO  ExportHelperExtension.cs: 1136 - Found 29 in m3X20-1
2025-11-02 22:46:23,553 INFO  ExportHelperExtension.cs: 1145 - Found 0 features of type [RefAxis] in m3X20-1
2025-11-02 22:46:23,553 INFO  ExportHelperExtension.cs: 1125 - Retrieving features of type [RefAxis] from m3X20-3
2025-11-02 22:46:23,553 INFO  ExportHelperExtension.cs: 1136 - Found 29 in m3X20-3
2025-11-02 22:46:23,553 INFO  ExportHelperExtension.cs: 1145 - Found 0 features of type [RefAxis] in m3X20-3
2025-11-02 22:46:23,554 INFO  ExportHelperExtension.cs: 1125 - Retrieving features of type [RefAxis] from m3X10-4
2025-11-02 22:46:23,554 INFO  ExportHelperExtension.cs: 1136 - Found 29 in m3X10-4
2025-11-02 22:46:23,554 INFO  ExportHelperExtension.cs: 1145 - Found 0 features of type [RefAxis] in m3X10-4
2025-11-02 22:46:23,554 INFO  ExportHelperExtension.cs: 1125 - Retrieving features of type [RefAxis] from m3X20-4
2025-11-02 22:46:23,554 INFO  ExportHelperExtension.cs: 1136 - Found 29 in m3X20-4
2025-11-02 22:46:23,555 INFO  ExportHelperExtension.cs: 1145 - Found 0 features of type [RefAxis] in m3X20-4
2025-11-02 22:46:23,555 INFO  ExportHelperExtension.cs: 1125 - Retrieving features of type [RefAxis] from m3X25-3
2025-11-02 22:46:23,555 INFO  ExportHelperExtension.cs: 1136 - Found 29 in m3X25-3
2025-11-02 22:46:23,555 INFO  ExportHelperExtension.cs: 1145 - Found 0 features of type [RefAxis] in m3X25-3
2025-11-02 22:46:23,556 INFO  ExportHelperExtension.cs: 1125 - Retrieving features of type [RefAxis] from m3X10-7
2025-11-02 22:46:23,556 INFO  ExportHelperExtension.cs: 1136 - Found 29 in m3X10-7
2025-11-02 22:46:23,556 INFO  ExportHelperExtension.cs: 1145 - Found 0 features of type [RefAxis] in m3X10-7
2025-11-02 22:46:23,556 INFO  ExportHelperExtension.cs: 1125 - Retrieving features of type [RefAxis] from m3X10-6
2025-11-02 22:46:23,557 INFO  ExportHelperExtension.cs: 1136 - Found 29 in m3X10-6
2025-11-02 22:46:23,557 INFO  ExportHelperExtension.cs: 1145 - Found 0 features of type [RefAxis] in m3X10-6
2025-11-02 22:46:23,557 INFO  ExportHelperExtension.cs: 1125 - Retrieving features of type [RefAxis] from m3X20-5
2025-11-02 22:46:23,557 INFO  ExportHelperExtension.cs: 1136 - Found 29 in m3X20-5
2025-11-02 22:46:23,557 INFO  ExportHelperExtension.cs: 1145 - Found 0 features of type [RefAxis] in m3X20-5
2025-11-02 22:46:23,558 INFO  ExportHelperExtension.cs: 1125 - Retrieving features of type [RefAxis] from m3X10-3
2025-11-02 22:46:23,558 INFO  ExportHelperExtension.cs: 1136 - Found 29 in m3X10-3
2025-11-02 22:46:23,558 INFO  ExportHelperExtension.cs: 1145 - Found 0 features of type [RefAxis] in m3X10-3
2025-11-02 22:46:23,558 INFO  ExportHelperExtension.cs: 1125 - Retrieving features of type [RefAxis] from m3X10-5
2025-11-02 22:46:23,559 INFO  ExportHelperExtension.cs: 1136 - Found 29 in m3X10-5
2025-11-02 22:46:23,559 INFO  ExportHelperExtension.cs: 1145 - Found 0 features of type [RefAxis] in m3X10-5
2025-11-02 22:46:23,613 INFO  ExportPropertyManager.cs: 1142 - AfterClose called. This method no longer throws an Exception. It just silently does nothing. Ok, except for this logging message
2025-11-02 22:46:49,464 INFO  AssemblyExportForm.cs: 253 - Completing URDF export
2025-11-02 22:46:49,467 INFO  ConfigurationSerialization.cs: 276 - URDF Configuration found
<Link z:Id="i1" xmlns="http://schemas.datacontract.org/2004/07/SW2URDF" xmlns:i="http://www.w3.org/2001/XMLSchema-instance" xmlns:z="http://schemas.microsoft.com/2003/10/Serialization/"><Attributes><Attribute z:Id="i2"><AttributeType>name</AttributeType><IsRequired>true</IsRequired><Value i:type="a:string" xmlns:a="http://www.w3.org/2001/XMLSchema">base_link</Value></Attribute></Attributes><ChildElements><URDFElement z:Id="i3" i:type="Inertial"><Attributes/><ChildElements><URDFElement z:Id="i4" i:type="Origin"><Attributes><Attribute z:Id="i5"><AttributeType>xyz</AttributeType><IsRequired>true</IsRequired><Value i:type="a:ArrayOfdouble" xmlns:a="http://schemas.microsoft.com/2003/10/Serialization/Arrays"><a:double>0</a:double><a:double>0</a:double><a:double>0</a:double></Value></Attribute><Attribute z:Id="i6"><AttributeType>rpy</AttributeType><IsRequired>true</IsRequired><Value i:type="a:ArrayOfdouble" xmlns:a="http://schemas.microsoft.com/2003/10/Serialization/Arrays"><a:double>0</a:double><a:double>0</a:double><a:double>0</a:double></Value></Attribute></Attributes><ChildElements/><ElementName>origin</ElementName><required>false</required><RPYAttribute z:Ref="i6"/><XYZAttribute z:Ref="i5"/><isCustomized>false</isCustomized></URDFElement><URDFElement z:Id="i7" i:type="Mass"><Attributes><Attribute z:Id="i8"><AttributeType>value</AttributeType><IsRequired>true</IsRequired><Value i:type="a:double" xmlns:a="http://www.w3.org/2001/XMLSchema">0</Value></Attribute></Attributes><ChildElements/><ElementName>mass</ElementName><required>false</required><ValueAttribute z:Ref="i8"/></URDFElement><URDFElement z:Id="i9" i:type="Inertia"><Attributes><Attribute z:Id="i10"><AttributeType>ixx</AttributeType><IsRequired>true</IsRequired><Value i:type="a:double" xmlns:a="http://www.w3.org/2001/XMLSchema">0</Value></Attribute><Attribute z:Id="i11"><AttributeType>ixy</AttributeType><IsRequired>true</IsRequired><Value i:type="a:double" xmlns:a="http://www.w3.org/2001/XMLSchema">0</Value></Attribute><Attribute z:Id="i12"><AttributeType>ixz</AttributeType><IsRequired>true</IsRequired><Value i:type="a:double" xmlns:a="http://www.w3.org/2001/XMLSchema">0</Value></Attribute><Attribute z:Id="i13"><AttributeType>iyy</AttributeType><IsRequired>true</IsRequired><Value i:type="a:double" xmlns:a="http://www.w3.org/2001/XMLSchema">0</Value></Attribute><Attribute z:Id="i14"><AttributeType>iyz</AttributeType><IsRequired>true</IsRequired><Value i:type="a:double" xmlns:a="http://www.w3.org/2001/XMLSchema">0</Value></Attribute><Attribute z:Id="i15"><AttributeType>izz</AttributeType><IsRequired>true</IsRequired><Value i:type="a:double" xmlns:a="http://www.w3.org/2001/XMLSchema">0</Value></Attribute></Attributes><ChildElements/><ElementName>inertia</ElementName><required>false</required><IxxAttribute z:Ref="i10"/><IxyAttribute z:Ref="i11"/><IxzAttribute z:Ref="i12"/><IyyAttribute z:Ref="i13"/><IyzAttribute z:Ref="i14"/><IzzAttribute z:Ref="i15"/></URDFElement></ChildElements><ElementName>inertial</ElementName><required>false</required><Inertia z:Ref="i9"/><Mass z:Ref="i7"/><Origin z:Ref="i4"/></URDFElement><URDFElement z:Id="i16" i:type="Visual"><Attributes/><ChildElements><URDFElement z:Id="i17" i:type="Origin"><Attributes><Attribute z:Id="i18"><AttributeType>xyz</AttributeType><IsRequired>true</IsRequired><Value i:type="a:ArrayOfdouble" xmlns:a="http://schemas.microsoft.com/2003/10/Serialization/Arrays"><a:double>0</a:double><a:double>0</a:double><a:double>0</a:double></Value></Attribute><Attribute z:Id="i19"><AttributeType>rpy</AttributeType><IsRequired>true</IsRequired><Value i:type="a:ArrayOfdouble" xmlns:a="http://schemas.microsoft.com/2003/10/Serialization/Arrays"><a:double>0</a:double><a:double>0</a:double><a:double>0</a:double></Value></Attribute></Attributes><ChildElements/><ElementName>origin</ElementName><required>false</required><RPYAttribute z:Ref="i19"/><XYZAttribute z:Ref="i18"/><isCustomized>false</isCustomized></URDFElement><URDFElement z:Id="i20" i:type="Geometry"><Attributes/><ChildElements><URDFElement z:Id="i21" i:type="Mesh"><Attributes><Attribute z:Id="i22"><AttributeType>filename</AttributeType><IsRequired>true</IsRequired><Value i:nil="true"/></Attribute></Attributes><ChildElements/><ElementName>mesh</ElementName><required>false</required><FilenameAttribute z:Ref="i22"/></URDFElement></ChildElements><ElementName>geometry</ElementName><required>true</required><Mesh z:Ref="i21"/></URDFElement><URDFElement z:Id="i23" i:type="Material"><Attributes><Attribute z:Id="i24"><AttributeType>name</AttributeType><IsRequired>true</IsRequired><Value i:type="a:string" xmlns:a="http://www.w3.org/2001/XMLSchema"/></Attribute></Attributes><ChildElements><URDFElement z:Id="i25" i:type="Color"><Attributes><Attribute z:Id="i26"><AttributeType>rgba</AttributeType><IsRequired>true</IsRequired><Value i:type="a:ArrayOfdouble" xmlns:a="http://schemas.microsoft.com/2003/10/Serialization/Arrays"><a:double>1</a:double><a:double>1</a:double><a:double>1</a:double><a:double>1</a:double></Value></Attribute></Attributes><ChildElements/><ElementName>color</ElementName><required>false</required><RGBAAttribute z:Ref="i26"/></URDFElement><URDFElement z:Id="i27" i:type="Texture"><Attributes><Attribute z:Id="i28"><AttributeType>filename</AttributeType><IsRequired>true</IsRequired><Value i:nil="true"/></Attribute></Attributes><ChildElements/><ElementName>texture</ElementName><required>false</required><FilenameAttribute z:Ref="i28"/><wFilename/></URDFElement></ChildElements><ElementName>material</ElementName><required>false</required><Color z:Ref="i25"/><NameAttribute z:Ref="i24"/><Texture z:Ref="i27"/></URDFElement></ChildElements><ElementName>visual</ElementName><required>false</required><Geometry z:Ref="i20"/><Material z:Ref="i23"/><Origin z:Ref="i17"/></URDFElement><URDFElement z:Id="i29" i:type="Collision"><Attributes/><ChildElements><URDFElement z:Id="i30" i:type="Origin"><Attributes><Attribute z:Id="i31"><AttributeType>xyz</AttributeType><IsRequired>true</IsRequired><Value i:type="a:ArrayOfdouble" xmlns:a="http://schemas.microsoft.com/2003/10/Serialization/Arrays"><a:double>0</a:double><a:double>0</a:double><a:double>0</a:double></Value></Attribute><Attribute z:Id="i32"><AttributeType>rpy</AttributeType><IsRequired>true</IsRequired><Value i:type="a:ArrayOfdouble" xmlns:a="http://schemas.microsoft.com/2003/10/Serialization/Arrays"><a:double>0</a:double><a:double>0</a:double><a:double>0</a:double></Value></Attribute></Attributes><ChildElements/><ElementName>origin</ElementName><required>false</required><RPYAttribute z:Ref="i32"/><XYZAttribute z:Ref="i31"/><isCustomized>false</isCustomized></URDFElement><URDFElement z:Id="i33" i:type="Geometry"><Attributes/><ChildElements><URDFElement z:Id="i34" i:type="Mesh"><Attributes><Attribute z:Id="i35"><AttributeType>filename</AttributeType><IsRequired>true</IsRequired><Value i:nil="true"/></Attribute></Attributes><ChildElements/><ElementName>mesh</ElementName><required>false</required><FilenameAttribute z:Ref="i35"/></URDFElement></ChildElements><ElementName>geometry</ElementName><required>true</required><Mesh z:Ref="i34"/></URDFElement></ChildElements><ElementName>collision</ElementName><required>false</required><Geometry z:Ref="i33"/><Origin z:Ref="i30"/></URDFElement><URDFElement z:Id="i36" i:type="Joint"><Attributes><Attribute z:Id="i37"><AttributeType>name</AttributeType><IsRequired>true</IsRequired><Value i:type="a:string" xmlns:a="http://www.w3.org/2001/XMLSchema"/></Attribute><Attribute z:Id="i38"><AttributeType>type</AttributeType><IsRequired>true</IsRequired><Value i:type="a:string" xmlns:a="http://www.w3.org/2001/XMLSchema"/></Attribute></Attributes><ChildElements><URDFElement z:Id="i39" i:type="Origin"><Attributes><Attribute z:Id="i40"><AttributeType>xyz</AttributeType><IsRequired>true</IsRequired><Value i:type="a:ArrayOfdouble" xmlns:a="http://schemas.microsoft.com/2003/10/Serialization/Arrays"><a:double>0</a:double><a:double>0</a:double><a:double>0</a:double></Value></Attribute><Attribute z:Id="i41"><AttributeType>rpy</AttributeType><IsRequired>true</IsRequired><Value i:type="a:ArrayOfdouble" xmlns:a="http://schemas.microsoft.com/2003/10/Serialization/Arrays"><a:double>0</a:double><a:double>0</a:double><a:double>0</a:double></Value></Attribute></Attributes><ChildElements/><ElementName>origin</ElementName><required>false</required><RPYAttribute z:Ref="i41"/><XYZAttribute z:Ref="i40"/><isCustomized>false</isCustomized></URDFElement><URDFElement z:Id="i42" i:type="ParentLink"><Attributes><Attribute z:Id="i43"><AttributeType>link</AttributeType><IsRequired>true</IsRequired><Value i:type="a:string" xmlns:a="http://www.w3.org/2001/XMLSchema"/></Attribute></Attributes><ChildElements/><ElementName>parent</ElementName><required>true</required><NameAttribute z:Ref="i43"/></URDFElement><URDFElement z:Id="i44" i:type="ChildLink"><Attributes><Attribute z:Id="i45"><AttributeType>link</AttributeType><IsRequired>true</IsRequired><Value i:type="a:string" xmlns:a="http://www.w3.org/2001/XMLSchema"/></Attribute></Attributes><ChildElements/><ElementName>child</ElementName><required>true</required><NameAttribute z:Ref="i45"/></URDFElement><URDFElement z:Id="i46" i:type="Axis"><Attributes><Attribute z:Id="i47"><AttributeType>xyz</AttributeType><IsRequired>true</IsRequired><Value i:type="a:ArrayOfdouble" xmlns:a="http://schemas.microsoft.com/2003/10/Serialization/Arrays"><a:double>0</a:double><a:double>0</a:double><a:double>0</a:double></Value></Attribute></Attributes><ChildElements/><ElementName>axis</ElementName><required>false</required><XYZAttribute z:Ref="i47"/></URDFElement><URDFElement z:Id="i48" i:type="Limit"><Attributes><Attribute z:Id="i49"><AttributeType>lower</AttributeType><IsRequired>false</IsRequired><Value i:nil="true"/></Attribute><Attribute z:Id="i50"><AttributeType>upper</AttributeType><IsRequired>false</IsRequired><Value i:nil="true"/></Attribute><Attribute z:Id="i51"><AttributeType>effort</AttributeType><IsRequired>true</IsRequired><Value i:nil="true"/></Attribute><Attribute z:Id="i52"><AttributeType>velocity</AttributeType><IsRequired>true</IsRequired><Value i:nil="true"/></Attribute></Attributes><ChildElements/><ElementName>limit</ElementName><required>false</required><EffortAttribute z:Ref="i51"/><LowerAttribute z:Ref="i49"/><UpperAttribute z:Ref="i50"/><VelocityAttribute z:Ref="i52"/></URDFElement><URDFElement z:Id="i53" i:type="Calibration"><Attributes><Attribute z:Id="i54"><AttributeType>rising</AttributeType><IsRequired>false</IsRequired><Value i:nil="true"/></Attribute><Attribute z:Id="i55"><AttributeType>falling</AttributeType><IsRequired>false</IsRequired><Value i:nil="true"/></Attribute></Attributes><ChildElements/><ElementName>calibration</ElementName><required>false</required><FallingAttribute z:Ref="i55"/><RisingAttribute z:Ref="i54"/></URDFElement><URDFElement z:Id="i56" i:type="Dynamics"><Attributes><Attribute z:Id="i57"><AttributeType>damping</AttributeType><IsRequired>false</IsRequired><Value i:nil="true"/></Attribute><Attribute z:Id="i58"><AttributeType>friction</AttributeType><IsRequired>false</IsRequired><Value i:nil="true"/></Attribute></Attributes><ChildElements/><ElementName>dynamics</ElementName><required>false</required><DampingAttribute z:Ref="i57"/><FrictionAttribute z:Ref="i58"/></URDFElement><URDFElement z:Id="i59" i:type="SafetyController"><Attributes><Attribute z:Id="i60"><AttributeType>soft_upper_limit</AttributeType><IsRequired>false</IsRequired><Value i:nil="true"/></Attribute><Attribute z:Id="i61"><AttributeType>soft_lower_limit</AttributeType><IsRequired>false</IsRequired><Value i:nil="true"/></Attribute><Attribute z:Id="i62"><AttributeType>k_position</AttributeType><IsRequired>false</IsRequired><Value i:nil="true"/></Attribute><Attribute z:Id="i63"><AttributeType>k_velocity</AttributeType><IsRequired>true</IsRequired><Value i:nil="true"/></Attribute></Attributes><ChildElements/><ElementName>safety_controller</ElementName><required>false</required><KPositionAttribute z:Ref="i62"/><KVelocityAttribute z:Ref="i63"/><SoftLowerAttribute z:Ref="i61"/><SoftUpperAttribute z:Ref="i60"/></URDFElement><URDFElement z:Id="i64" i:type="Mimic"><Attributes><Attribute z:Id="i65"><AttributeType>joint</AttributeType><IsRequired>true</IsRequired><Value i:nil="true"/></Attribute><Attribute z:Id="i66"><AttributeType>multiplier</AttributeType><IsRequired>false</IsRequired><Value i:nil="true"/></Attribute><Attribute z:Id="i67"><AttributeType>offset</AttributeType><IsRequired>false</IsRequired><Value i:nil="true"/></Attribute></Attributes><ChildElements/><ElementName>mimic</ElementName><required>false</required><JointNameAttribute z:Ref="i65"/><MultiplierAttribute z:Ref="i66"/><OffsetAttribute z:Ref="i67"/></URDFElement></ChildElements><ElementName>joint</ElementName><required>false</required><Axis z:Ref="i46"/><AxisName/><Calibration z:Ref="i53"/><Child z:Ref="i44"/><CoordinateSystemName>?????????0/1</CoordinateSystemName><Dynamics z:Ref="i56"/><Limit z:Ref="i48"/><Mimic z:Ref="i64"/><NameAttribute z:Ref="i37"/><Origin z:Ref="i39"/><Parent z:Ref="i42"/><Safety z:Ref="i59"/><TypeAttribute z:Ref="i38"/></URDFElement></ChildElements><ElementName>link</ElementName><required>true</required><Children><Link z:Id="i68"><Attributes><Attribute z:Id="i69"><AttributeType>name</AttributeType><IsRequired>true</IsRequired><Value i:type="a:string" xmlns:a="http://www.w3.org/2001/XMLSchema">link1</Value></Attribute></Attributes><ChildElements><URDFElement z:Id="i70" i:type="Inertial"><Attributes/><ChildElements><URDFElement z:Id="i71" i:type="Origin"><Attributes><Attribute z:Id="i72"><AttributeType>xyz</AttributeType><IsRequired>true</IsRequired><Value i:type="a:ArrayOfdouble" xmlns:a="http://schemas.microsoft.com/2003/10/Serialization/Arrays"><a:double>0</a:double><a:double>0</a:double><a:double>0</a:double></Value></Attribute><Attribute z:Id="i73"><AttributeType>rpy</AttributeType><IsRequired>true</IsRequired><Value i:type="a:ArrayOfdouble" xmlns:a="http://schemas.microsoft.com/2003/10/Serialization/Arrays"><a:double>0</a:double><a:double>0</a:double><a:double>0</a:double></Value></Attribute></Attributes><ChildElements/><ElementName>origin</ElementName><required>false</required><RPYAttribute z:Ref="i73"/><XYZAttribute z:Ref="i72"/><isCustomized>false</isCustomized></URDFElement><URDFElement z:Id="i74" i:type="Mass"><Attributes><Attribute z:Id="i75"><AttributeType>value</AttributeType><IsRequired>true</IsRequired><Value i:type="a:double" xmlns:a="http://www.w3.org/2001/XMLSchema">0</Value></Attribute></Attributes><ChildElements/><ElementName>mass</ElementName><required>false</required><ValueAttribute z:Ref="i75"/></URDFElement><URDFElement z:Id="i76" i:type="Inertia"><Attributes><Attribute z:Id="i77"><AttributeType>ixx</AttributeType><IsRequired>true</IsRequired><Value i:type="a:double" xmlns:a="http://www.w3.org/2001/XMLSchema">0</Value></Attribute><Attribute z:Id="i78"><AttributeType>ixy</AttributeType><IsRequired>true</IsRequired><Value i:type="a:double" xmlns:a="http://www.w3.org/2001/XMLSchema">0</Value></Attribute><Attribute z:Id="i79"><AttributeType>ixz</AttributeType><IsRequired>true</IsRequired><Value i:type="a:double" xmlns:a="http://www.w3.org/2001/XMLSchema">0</Value></Attribute><Attribute z:Id="i80"><AttributeType>iyy</AttributeType><IsRequired>true</IsRequired><Value i:type="a:double" xmlns:a="http://www.w3.org/2001/XMLSchema">0</Value></Attribute><Attribute z:Id="i81"><AttributeType>iyz</AttributeType><IsRequired>true</IsRequired><Value i:type="a:double" xmlns:a="http://www.w3.org/2001/XMLSchema">0</Value></Attribute><Attribute z:Id="i82"><AttributeType>izz</AttributeType><IsRequired>true</IsRequired><Value i:type="a:double" xmlns:a="http://www.w3.org/2001/XMLSchema">0</Value></Attribute></Attributes><ChildElements/><ElementName>inertia</ElementName><required>false</required><IxxAttribute z:Ref="i77"/><IxyAttribute z:Ref="i78"/><IxzAttribute z:Ref="i79"/><IyyAttribute z:Ref="i80"/><IyzAttribute z:Ref="i81"/><IzzAttribute z:Ref="i82"/></URDFElement></ChildElements><ElementName>inertial</ElementName><required>false</required><Inertia z:Ref="i76"/><Mass z:Ref="i74"/><Origin z:Ref="i71"/></URDFElement><URDFElement z:Id="i83" i:type="Visual"><Attributes/><ChildElements><URDFElement z:Id="i84" i:type="Origin"><Attributes><Attribute z:Id="i85"><AttributeType>xyz</AttributeType><IsRequired>true</IsRequired><Value i:type="a:ArrayOfdouble" xmlns:a="http://schemas.microsoft.com/2003/10/Serialization/Arrays"><a:double>0</a:double><a:double>0</a:double><a:double>0</a:double></Value></Attribute><Attribute z:Id="i86"><AttributeType>rpy</AttributeType><IsRequired>true</IsRequired><Value i:type="a:ArrayOfdouble" xmlns:a="http://schemas.microsoft.com/2003/10/Serialization/Arrays"><a:double>0</a:double><a:double>0</a:double><a:double>0</a:double></Value></Attribute></Attributes><ChildElements/><ElementName>origin</ElementName><required>false</required><RPYAttribute z:Ref="i86"/><XYZAttribute z:Ref="i85"/><isCustomized>false</isCustomized></URDFElement><URDFElement z:Id="i87" i:type="Geometry"><Attributes/><ChildElements><URDFElement z:Id="i88" i:type="Mesh"><Attributes><Attribute z:Id="i89"><AttributeType>filename</AttributeType><IsRequired>true</IsRequired><Value i:nil="true"/></Attribute></Attributes><ChildElements/><ElementName>mesh</ElementName><required>false</required><FilenameAttribute z:Ref="i89"/></URDFElement></ChildElements><ElementName>geometry</ElementName><required>true</required><Mesh z:Ref="i88"/></URDFElement><URDFElement z:Id="i90" i:type="Material"><Attributes><Attribute z:Id="i91"><AttributeType>name</AttributeType><IsRequired>true</IsRequired><Value i:type="a:string" xmlns:a="http://www.w3.org/2001/XMLSchema"/></Attribute></Attributes><ChildElements><URDFElement z:Id="i92" i:type="Color"><Attributes><Attribute z:Id="i93"><AttributeType>rgba</AttributeType><IsRequired>true</IsRequired><Value i:type="a:ArrayOfdouble" xmlns:a="http://schemas.microsoft.com/2003/10/Serialization/Arrays"><a:double>1</a:double><a:double>1</a:double><a:double>1</a:double><a:double>1</a:double></Value></Attribute></Attributes><ChildElements/><ElementName>color</ElementName><required>false</required><RGBAAttribute z:Ref="i93"/></URDFElement><URDFElement z:Id="i94" i:type="Texture"><Attributes><Attribute z:Id="i95"><AttributeType>filename</AttributeType><IsRequired>true</IsRequired><Value i:nil="true"/></Attribute></Attributes><ChildElements/><ElementName>texture</ElementName><required>false</required><FilenameAttribute z:Ref="i95"/><wFilename/></URDFElement></ChildElements><ElementName>material</ElementName><required>false</required><Color z:Ref="i92"/><NameAttribute z:Ref="i91"/><Texture z:Ref="i94"/></URDFElement></ChildElements><ElementName>visual</ElementName><required>false</required><Geometry z:Ref="i87"/><Material z:Ref="i90"/><Origin z:Ref="i84"/></URDFElement><URDFElement z:Id="i96" i:type="Collision"><Attributes/><ChildElements><URDFElement z:Id="i97" i:type="Origin"><Attributes><Attribute z:Id="i98"><AttributeType>xyz</AttributeType><IsRequired>true</IsRequired><Value i:type="a:ArrayOfdouble" xmlns:a="http://schemas.microsoft.com/2003/10/Serialization/Arrays"><a:double>0</a:double><a:double>0</a:double><a:double>0</a:double></Value></Attribute><Attribute z:Id="i99"><AttributeType>rpy</AttributeType><IsRequired>true</IsRequired><Value i:type="a:ArrayOfdouble" xmlns:a="http://schemas.microsoft.com/2003/10/Serialization/Arrays"><a:double>0</a:double><a:double>0</a:double><a:double>0</a:double></Value></Attribute></Attributes><ChildElements/><ElementName>origin</ElementName><required>false</required><RPYAttribute z:Ref="i99"/><XYZAttribute z:Ref="i98"/><isCustomized>false</isCustomized></URDFElement><URDFElement z:Id="i100" i:type="Geometry"><Attributes/><ChildElements><URDFElement z:Id="i101" i:type="Mesh"><Attributes><Attribute z:Id="i102"><AttributeType>filename</AttributeType><IsRequired>true</IsRequired><Value i:nil="true"/></Attribute></Attributes><ChildElements/><ElementName>mesh</ElementName><required>false</required><FilenameAttribute z:Ref="i102"/></URDFElement></ChildElements><ElementName>geometry</ElementName><required>true</required><Mesh z:Ref="i101"/></URDFElement></ChildElements><ElementName>collision</ElementName><required>false</required><Geometry z:Ref="i100"/><Origin z:Ref="i97"/></URDFElement><URDFElement z:Id="i103" i:type="Joint"><Attributes><Attribute z:Id="i104"><AttributeType>name</AttributeType><IsRequired>true</IsRequired><Value i:type="a:string" xmlns:a="http://www.w3.org/2001/XMLSchema">joint1</Value></Attribute><Attribute z:Id="i105"><AttributeType>type</AttributeType><IsRequired>true</IsRequired><Value i:type="a:string" xmlns:a="http://www.w3.org/2001/XMLSchema">revolute</Value></Attribute></Attributes><ChildElements><URDFElement z:Id="i106" i:type="Origin"><Attributes><Attribute z:Id="i107"><AttributeType>xyz</AttributeType><IsRequired>true</IsRequired><Value i:type="a:ArrayOfdouble" xmlns:a="http://schemas.microsoft.com/2003/10/Serialization/Arrays"><a:double>0</a:double><a:double>0</a:double><a:double>0</a:double></Value></Attribute><Attribute z:Id="i108"><AttributeType>rpy</AttributeType><IsRequired>true</IsRequired><Value i:type="a:ArrayOfdouble" xmlns:a="http://schemas.microsoft.com/2003/10/Serialization/Arrays"><a:double>0</a:double><a:double>0</a:double><a:double>0</a:double></Value></Attribute></Attributes><ChildElements/><ElementName>origin</ElementName><required>false</required><RPYAttribute z:Ref="i108"/><XYZAttribute z:Ref="i107"/><isCustomized>false</isCustomized></URDFElement><URDFElement z:Id="i109" i:type="ParentLink"><Attributes><Attribute z:Id="i110"><AttributeType>link</AttributeType><IsRequired>true</IsRequired><Value i:type="a:string" xmlns:a="http://www.w3.org/2001/XMLSchema"/></Attribute></Attributes><ChildElements/><ElementName>parent</ElementName><required>true</required><NameAttribute z:Ref="i110"/></URDFElement><URDFElement z:Id="i111" i:type="ChildLink"><Attributes><Attribute z:Id="i112"><AttributeType>link</AttributeType><IsRequired>true</IsRequired><Value i:type="a:string" xmlns:a="http://www.w3.org/2001/XMLSchema"/></Attribute></Attributes><ChildElements/><ElementName>child</ElementName><required>true</required><NameAttribute z:Ref="i112"/></URDFElement><URDFElement z:Id="i113" i:type="Axis"><Attributes><Attribute z:Id="i114"><AttributeType>xyz</AttributeType><IsRequired>true</IsRequired><Value i:type="a:ArrayOfdouble" xmlns:a="http://schemas.microsoft.com/2003/10/Serialization/Arrays"><a:double>0</a:double><a:double>0</a:double><a:double>0</a:double></Value></Attribute></Attributes><ChildElements/><ElementName>axis</ElementName><required>false</required><XYZAttribute z:Ref="i114"/></URDFElement><URDFElement z:Id="i115" i:type="Limit"><Attributes><Attribute z:Id="i116"><AttributeType>lower</AttributeType><IsRequired>false</IsRequired><Value i:nil="true"/></Attribute><Attribute z:Id="i117"><AttributeType>upper</AttributeType><IsRequired>false</IsRequired><Value i:nil="true"/></Attribute><Attribute z:Id="i118"><AttributeType>effort</AttributeType><IsRequired>true</IsRequired><Value i:nil="true"/></Attribute><Attribute z:Id="i119"><AttributeType>velocity</AttributeType><IsRequired>true</IsRequired><Value i:nil="true"/></Attribute></Attributes><ChildElements/><ElementName>limit</ElementName><required>false</required><EffortAttribute z:Ref="i118"/><LowerAttribute z:Ref="i116"/><UpperAttribute z:Ref="i117"/><VelocityAttribute z:Ref="i119"/></URDFElement><URDFElement z:Id="i120" i:type="Calibration"><Attributes><Attribute z:Id="i121"><AttributeType>rising</AttributeType><IsRequired>false</IsRequired><Value i:nil="true"/></Attribute><Attribute z:Id="i122"><AttributeType>falling</AttributeType><IsRequired>false</IsRequired><Value i:nil="true"/></Attribute></Attributes><ChildElements/><ElementName>calibration</ElementName><required>false</required><FallingAttribute z:Ref="i122"/><RisingAttribute z:Ref="i121"/></URDFElement><URDFElement z:Id="i123" i:type="Dynamics"><Attributes><Attribute z:Id="i124"><AttributeType>damping</AttributeType><IsRequired>false</IsRequired><Value i:nil="true"/></Attribute><Attribute z:Id="i125"><AttributeType>friction</AttributeType><IsRequired>false</IsRequired><Value i:nil="true"/></Attribute></Attributes><ChildElements/><ElementName>dynamics</ElementName><required>false</required><DampingAttribute z:Ref="i124"/><FrictionAttribute z:Ref="i125"/></URDFElement><URDFElement z:Id="i126" i:type="SafetyController"><Attributes><Attribute z:Id="i127"><AttributeType>soft_upper_limit</AttributeType><IsRequired>false</IsRequired><Value i:nil="true"/></Attribute><Attribute z:Id="i128"><AttributeType>soft_lower_limit</AttributeType><IsRequired>false</IsRequired><Value i:nil="true"/></Attribute><Attribute z:Id="i129"><AttributeType>k_position</AttributeType><IsRequired>false</IsRequired><Value i:nil="true"/></Attribute><Attribute z:Id="i130"><AttributeType>k_velocity</AttributeType><IsRequired>true</IsRequired><Value i:nil="true"/></Attribute></Attributes><ChildElements/><ElementName>safety_controller</ElementName><required>false</required><KPositionAttribute z:Ref="i129"/><KVelocityAttribute z:Ref="i130"/><SoftLowerAttribute z:Ref="i128"/><SoftUpperAttribute z:Ref="i127"/></URDFElement><URDFElement z:Id="i131" i:type="Mimic"><Attributes><Attribute z:Id="i132"><AttributeType>joint</AttributeType><IsRequired>true</IsRequired><Value i:nil="true"/></Attribute><Attribute z:Id="i133"><AttributeType>multiplier</AttributeType><IsRequired>false</IsRequired><Value i:nil="true"/></Attribute><Attribute z:Id="i134"><AttributeType>offset</AttributeType><IsRequired>false</IsRequired><Value i:nil="true"/></Attribute></Attributes><ChildElements/><ElementName>mimic</ElementName><required>false</required><JointNameAttribute z:Ref="i132"/><MultiplierAttribute z:Ref="i133"/><OffsetAttribute z:Ref="i134"/></URDFElement></ChildElements><ElementName>joint</ElementName><required>false</required><Axis z:Ref="i113"/><AxisName>?????????1</AxisName><Calibration z:Ref="i120"/><Child z:Ref="i111"/><CoordinateSystemName>?????????0/1</CoordinateSystemName><Dynamics z:Ref="i123"/><Limit z:Ref="i115"/><Mimic z:Ref="i131"/><NameAttribute z:Ref="i104"/><Origin z:Ref="i106"/><Parent z:Ref="i109"/><Safety z:Ref="i126"/><TypeAttribute z:Ref="i105"/></URDFElement></ChildElements><ElementName>link</ElementName><required>true</required><Children><Link z:Id="i135"><Attributes><Attribute z:Id="i136"><AttributeType>name</AttributeType><IsRequired>true</IsRequired><Value i:type="a:string" xmlns:a="http://www.w3.org/2001/XMLSchema">link2</Value></Attribute></Attributes><ChildElements><URDFElement z:Id="i137" i:type="Inertial"><Attributes/><ChildElements><URDFElement z:Id="i138" i:type="Origin"><Attributes><Attribute z:Id="i139"><AttributeType>xyz</AttributeType><IsRequired>true</IsRequired><Value i:type="a:ArrayOfdouble" xmlns:a="http://schemas.microsoft.com/2003/10/Serialization/Arrays"><a:double>0</a:double><a:double>0</a:double><a:double>0</a:double></Value></Attribute><Attribute z:Id="i140"><AttributeType>rpy</AttributeType><IsRequired>true</IsRequired><Value i:type="a:ArrayOfdouble" xmlns:a="http://schemas.microsoft.com/2003/10/Serialization/Arrays"><a:double>0</a:double><a:double>0</a:double><a:double>0</a:double></Value></Attribute></Attributes><ChildElements/><ElementName>origin</ElementName><required>false</required><RPYAttribute z:Ref="i140"/><XYZAttribute z:Ref="i139"/><isCustomized>false</isCustomized></URDFElement><URDFElement z:Id="i141" i:type="Mass"><Attributes><Attribute z:Id="i142"><AttributeType>value</AttributeType><IsRequired>true</IsRequired><Value i:type="a:double" xmlns:a="http://www.w3.org/2001/XMLSchema">0</Value></Attribute></Attributes><ChildElements/><ElementName>mass</ElementName><required>false</required><ValueAttribute z:Ref="i142"/></URDFElement><URDFElement z:Id="i143" i:type="Inertia"><Attributes><Attribute z:Id="i144"><AttributeType>ixx</AttributeType><IsRequired>true</IsRequired><Value i:type="a:double" xmlns:a="http://www.w3.org/2001/XMLSchema">0</Value></Attribute><Attribute z:Id="i145"><AttributeType>ixy</AttributeType><IsRequired>true</IsRequired><Value i:type="a:double" xmlns:a="http://www.w3.org/2001/XMLSchema">0</Value></Attribute><Attribute z:Id="i146"><AttributeType>ixz</AttributeType><IsRequired>true</IsRequired><Value i:type="a:double" xmlns:a="http://www.w3.org/2001/XMLSchema">0</Value></Attribute><Attribute z:Id="i147"><AttributeType>iyy</AttributeType><IsRequired>true</IsRequired><Value i:type="a:double" xmlns:a="http://www.w3.org/2001/XMLSchema">0</Value></Attribute><Attribute z:Id="i148"><AttributeType>iyz</AttributeType><IsRequired>true</IsRequired><Value i:type="a:double" xmlns:a="http://www.w3.org/2001/XMLSchema">0</Value></Attribute><Attribute z:Id="i149"><AttributeType>izz</AttributeType><IsRequired>true</IsRequired><Value i:type="a:double" xmlns:a="http://www.w3.org/2001/XMLSchema">0</Value></Attribute></Attributes><ChildElements/><ElementName>inertia</ElementName><required>false</required><IxxAttribute z:Ref="i144"/><IxyAttribute z:Ref="i145"/><IxzAttribute z:Ref="i146"/><IyyAttribute z:Ref="i147"/><IyzAttribute z:Ref="i148"/><IzzAttribute z:Ref="i149"/></URDFElement></ChildElements><ElementName>inertial</ElementName><required>false</required><Inertia z:Ref="i143"/><Mass z:Ref="i141"/><Origin z:Ref="i138"/></URDFElement><URDFElement z:Id="i150" i:type="Visual"><Attributes/><ChildElements><URDFElement z:Id="i151" i:type="Origin"><Attributes><Attribute z:Id="i152"><AttributeType>xyz</AttributeType><IsRequired>true</IsRequired><Value i:type="a:ArrayOfdouble" xmlns:a="http://schemas.microsoft.com/2003/10/Serialization/Arrays"><a:double>0</a:double><a:double>0</a:double><a:double>0</a:double></Value></Attribute><Attribute z:Id="i153"><AttributeType>rpy</AttributeType><IsRequired>true</IsRequired><Value i:type="a:ArrayOfdouble" xmlns:a="http://schemas.microsoft.com/2003/10/Serialization/Arrays"><a:double>0</a:double><a:double>0</a:double><a:double>0</a:double></Value></Attribute></Attributes><ChildElements/><ElementName>origin</ElementName><required>false</required><RPYAttribute z:Ref="i153"/><XYZAttribute z:Ref="i152"/><isCustomized>false</isCustomized></URDFElement><URDFElement z:Id="i154" i:type="Geometry"><Attributes/><ChildElements><URDFElement z:Id="i155" i:type="Mesh"><Attributes><Attribute z:Id="i156"><AttributeType>filename</AttributeType><IsRequired>true</IsRequired><Value i:nil="true"/></Attribute></Attributes><ChildElements/><ElementName>mesh</ElementName><required>false</required><FilenameAttribute z:Ref="i156"/></URDFElement></ChildElements><ElementName>geometry</ElementName><required>true</required><Mesh z:Ref="i155"/></URDFElement><URDFElement z:Id="i157" i:type="Material"><Attributes><Attribute z:Id="i158"><AttributeType>name</AttributeType><IsRequired>true</IsRequired><Value i:type="a:string" xmlns:a="http://www.w3.org/2001/XMLSchema"/></Attribute></Attributes><ChildElements><URDFElement z:Id="i159" i:type="Color"><Attributes><Attribute z:Id="i160"><AttributeType>rgba</AttributeType><IsRequired>true</IsRequired><Value i:type="a:ArrayOfdouble" xmlns:a="http://schemas.microsoft.com/2003/10/Serialization/Arrays"><a:double>1</a:double><a:double>1</a:double><a:double>1</a:double><a:double>1</a:double></Value></Attribute></Attributes><ChildElements/><ElementName>color</ElementName><required>false</required><RGBAAttribute z:Ref="i160"/></URDFElement><URDFElement z:Id="i161" i:type="Texture"><Attributes><Attribute z:Id="i162"><AttributeType>filename</AttributeType><IsRequired>true</IsRequired><Value i:nil="true"/></Attribute></Attributes><ChildElements/><ElementName>texture</ElementName><required>false</required><FilenameAttribute z:Ref="i162"/><wFilename/></URDFElement></ChildElements><ElementName>material</ElementName><required>false</required><Color z:Ref="i159"/><NameAttribute z:Ref="i158"/><Texture z:Ref="i161"/></URDFElement></ChildElements><ElementName>visual</ElementName><required>false</required><Geometry z:Ref="i154"/><Material z:Ref="i157"/><Origin z:Ref="i151"/></URDFElement><URDFElement z:Id="i163" i:type="Collision"><Attributes/><ChildElements><URDFElement z:Id="i164" i:type="Origin"><Attributes><Attribute z:Id="i165"><AttributeType>xyz</AttributeType><IsRequired>true</IsRequired><Value i:type="a:ArrayOfdouble" xmlns:a="http://schemas.microsoft.com/2003/10/Serialization/Arrays"><a:double>0</a:double><a:double>0</a:double><a:double>0</a:double></Value></Attribute><Attribute z:Id="i166"><AttributeType>rpy</AttributeType><IsRequired>true</IsRequired><Value i:type="a:ArrayOfdouble" xmlns:a="http://schemas.microsoft.com/2003/10/Serialization/Arrays"><a:double>0</a:double><a:double>0</a:double><a:double>0</a:double></Value></Attribute></Attributes><ChildElements/><ElementName>origin</ElementName><required>false</required><RPYAttribute z:Ref="i166"/><XYZAttribute z:Ref="i165"/><isCustomized>false</isCustomized></URDFElement><URDFElement z:Id="i167" i:type="Geometry"><Attributes/><ChildElements><URDFElement z:Id="i168" i:type="Mesh"><Attributes><Attribute z:Id="i169"><AttributeType>filename</AttributeType><IsRequired>true</IsRequired><Value i:nil="true"/></Attribute></Attributes><ChildElements/><ElementName>mesh</ElementName><required>false</required><FilenameAttribute z:Ref="i169"/></URDFElement></ChildElements><ElementName>geometry</ElementName><required>true</required><Mesh z:Ref="i168"/></URDFElement></ChildElements><ElementName>collision</ElementName><required>false</required><Geometry z:Ref="i167"/><Origin z:Ref="i164"/></URDFElement><URDFElement z:Id="i170" i:type="Joint"><Attributes><Attribute z:Id="i171"><AttributeType>name</AttributeType><IsRequired>true</IsRequired><Value i:type="a:string" xmlns:a="http://www.w3.org/2001/XMLSchema">joint2</Value></Attribute><Attribute z:Id="i172"><AttributeType>type</AttributeType><IsRequired>true</IsRequired><Value i:type="a:string" xmlns:a="http://www.w3.org/2001/XMLSchema">revolute</Value></Attribute></Attributes><ChildElements><URDFElement z:Id="i173" i:type="Origin"><Attributes><Attribute z:Id="i174"><AttributeType>xyz</AttributeType><IsRequired>true</IsRequired><Value i:type="a:ArrayOfdouble" xmlns:a="http://schemas.microsoft.com/2003/10/Serialization/Arrays"><a:double>0</a:double><a:double>0</a:double><a:double>0</a:double></Value></Attribute><Attribute z:Id="i175"><AttributeType>rpy</AttributeType><IsRequired>true</IsRequired><Value i:type="a:ArrayOfdouble" xmlns:a="http://schemas.microsoft.com/2003/10/Serialization/Arrays"><a:double>0</a:double><a:double>0</a:double><a:double>0</a:double></Value></Attribute></Attributes><ChildElements/><ElementName>origin</ElementName><required>false</required><RPYAttribute z:Ref="i175"/><XYZAttribute z:Ref="i174"/><isCustomized>false</isCustomized></URDFElement><URDFElement z:Id="i176" i:type="ParentLink"><Attributes><Attribute z:Id="i177"><AttributeType>link</AttributeType><IsRequired>true</IsRequired><Value i:type="a:string" xmlns:a="http://www.w3.org/2001/XMLSchema"/></Attribute></Attributes><ChildElements/><ElementName>parent</ElementName><required>true</required><NameAttribute z:Ref="i177"/></URDFElement><URDFElement z:Id="i178" i:type="ChildLink"><Attributes><Attribute z:Id="i179"><AttributeType>link</AttributeType><IsRequired>true</IsRequired><Value i:type="a:string" xmlns:a="http://www.w3.org/2001/XMLSchema"/></Attribute></Attributes><ChildElements/><ElementName>child</ElementName><required>true</required><NameAttribute z:Ref="i179"/></URDFElement><URDFElement z:Id="i180" i:type="Axis"><Attributes><Attribute z:Id="i181"><AttributeType>xyz</AttributeType><IsRequired>true</IsRequired><Value i:type="a:ArrayOfdouble" xmlns:a="http://schemas.microsoft.com/2003/10/Serialization/Arrays"><a:double>0</a:double><a:double>0</a:double><a:double>0</a:double></Value></Attribute></Attributes><ChildElements/><ElementName>axis</ElementName><required>false</required><XYZAttribute z:Ref="i181"/></URDFElement><URDFElement z:Id="i182" i:type="Limit"><Attributes><Attribute z:Id="i183"><AttributeType>lower</AttributeType><IsRequired>false</IsRequired><Value i:nil="true"/></Attribute><Attribute z:Id="i184"><AttributeType>upper</AttributeType><IsRequired>false</IsRequired><Value i:nil="true"/></Attribute><Attribute z:Id="i185"><AttributeType>effort</AttributeType><IsRequired>true</IsRequired><Value i:nil="true"/></Attribute><Attribute z:Id="i186"><AttributeType>velocity</AttributeType><IsRequired>true</IsRequired><Value i:nil="true"/></Attribute></Attributes><ChildElements/><ElementName>limit</ElementName><required>false</required><EffortAttribute z:Ref="i185"/><LowerAttribute z:Ref="i183"/><UpperAttribute z:Ref="i184"/><VelocityAttribute z:Ref="i186"/></URDFElement><URDFElement z:Id="i187" i:type="Calibration"><Attributes><Attribute z:Id="i188"><AttributeType>rising</AttributeType><IsRequired>false</IsRequired><Value i:nil="true"/></Attribute><Attribute z:Id="i189"><AttributeType>falling</AttributeType><IsRequired>false</IsRequired><Value i:nil="true"/></Attribute></Attributes><ChildElements/><ElementName>calibration</ElementName><required>false</required><FallingAttribute z:Ref="i189"/><RisingAttribute z:Ref="i188"/></URDFElement><URDFElement z:Id="i190" i:type="Dynamics"><Attributes><Attribute z:Id="i191"><AttributeType>damping</AttributeType><IsRequired>false</IsRequired><Value i:nil="true"/></Attribute><Attribute z:Id="i192"><AttributeType>friction</AttributeType><IsRequired>false</IsRequired><Value i:nil="true"/></Attribute></Attributes><ChildElements/><ElementName>dynamics</ElementName><required>false</required><DampingAttribute z:Ref="i191"/><FrictionAttribute z:Ref="i192"/></URDFElement><URDFElement z:Id="i193" i:type="SafetyController"><Attributes><Attribute z:Id="i194"><AttributeType>soft_upper_limit</AttributeType><IsRequired>false</IsRequired><Value i:nil="true"/></Attribute><Attribute z:Id="i195"><AttributeType>soft_lower_limit</AttributeType><IsRequired>false</IsRequired><Value i:nil="true"/></Attribute><Attribute z:Id="i196"><AttributeType>k_position</AttributeType><IsRequired>false</IsRequired><Value i:nil="true"/></Attribute><Attribute z:Id="i197"><AttributeType>k_velocity</AttributeType><IsRequired>true</IsRequired><Value i:nil="true"/></Attribute></Attributes><ChildElements/><ElementName>safety_controller</ElementName><required>false</required><KPositionAttribute z:Ref="i196"/><KVelocityAttribute z:Ref="i197"/><SoftLowerAttribute z:Ref="i195"/><SoftUpperAttribute z:Ref="i194"/></URDFElement><URDFElement z:Id="i198" i:type="Mimic"><Attributes><Attribute z:Id="i199"><AttributeType>joint</AttributeType><IsRequired>true</IsRequired><Value i:nil="true"/></Attribute><Attribute z:Id="i200"><AttributeType>multiplier</AttributeType><IsRequired>false</IsRequired><Value i:nil="true"/></Attribute><Attribute z:Id="i201"><AttributeType>offset</AttributeType><IsRequired>false</IsRequired><Value i:nil="true"/></Attribute></Attributes><ChildElements/><ElementName>mimic</ElementName><required>false</required><JointNameAttribute z:Ref="i199"/><MultiplierAttribute z:Ref="i200"/><OffsetAttribute z:Ref="i201"/></URDFElement></ChildElements><ElementName>joint</ElementName><required>false</required><Axis z:Ref="i180"/><AxisName>?????????2</AxisName><Calibration z:Ref="i187"/><Child z:Ref="i178"/><CoordinateSystemName>?????????2</CoordinateSystemName><Dynamics z:Ref="i190"/><Limit z:Ref="i182"/><Mimic z:Ref="i198"/><NameAttribute z:Ref="i171"/><Origin z:Ref="i173"/><Parent z:Ref="i176"/><Safety z:Ref="i193"/><TypeAttribute z:Ref="i172"/></URDFElement></ChildElements><ElementName>link</ElementName><required>true</required><Children><Link z:Id="i202"><Attributes><Attribute z:Id="i203"><AttributeType>name</AttributeType><IsRequired>true</IsRequired><Value i:type="a:string" xmlns:a="http://www.w3.org/2001/XMLSchema">link3</Value></Attribute></Attributes><ChildElements><URDFElement z:Id="i204" i:type="Inertial"><Attributes/><ChildElements><URDFElement z:Id="i205" i:type="Origin"><Attributes><Attribute z:Id="i206"><AttributeType>xyz</AttributeType><IsRequired>true</IsRequired><Value i:type="a:ArrayOfdouble" xmlns:a="http://schemas.microsoft.com/2003/10/Serialization/Arrays"><a:double>0</a:double><a:double>0</a:double><a:double>0</a:double></Value></Attribute><Attribute z:Id="i207"><AttributeType>rpy</AttributeType><IsRequired>true</IsRequired><Value i:type="a:ArrayOfdouble" xmlns:a="http://schemas.microsoft.com/2003/10/Serialization/Arrays"><a:double>0</a:double><a:double>0</a:double><a:double>0</a:double></Value></Attribute></Attributes><ChildElements/><ElementName>origin</ElementName><required>false</required><RPYAttribute z:Ref="i207"/><XYZAttribute z:Ref="i206"/><isCustomized>false</isCustomized></URDFElement><URDFElement z:Id="i208" i:type="Mass"><Attributes><Attribute z:Id="i209"><AttributeType>value</AttributeType><IsRequired>true</IsRequired><Value i:type="a:double" xmlns:a="http://www.w3.org/2001/XMLSchema">0</Value></Attribute></Attributes><ChildElements/><ElementName>mass</ElementName><required>false</required><ValueAttribute z:Ref="i209"/></URDFElement><URDFElement z:Id="i210" i:type="Inertia"><Attributes><Attribute z:Id="i211"><AttributeType>ixx</AttributeType><IsRequired>true</IsRequired><Value i:type="a:double" xmlns:a="http://www.w3.org/2001/XMLSchema">0</Value></Attribute><Attribute z:Id="i212"><AttributeType>ixy</AttributeType><IsRequired>true</IsRequired><Value i:type="a:double" xmlns:a="http://www.w3.org/2001/XMLSchema">0</Value></Attribute><Attribute z:Id="i213"><AttributeType>ixz</AttributeType><IsRequired>true</IsRequired><Value i:type="a:double" xmlns:a="http://www.w3.org/2001/XMLSchema">0</Value></Attribute><Attribute z:Id="i214"><AttributeType>iyy</AttributeType><IsRequired>true</IsRequired><Value i:type="a:double" xmlns:a="http://www.w3.org/2001/XMLSchema">0</Value></Attribute><Attribute z:Id="i215"><AttributeType>iyz</AttributeType><IsRequired>true</IsRequired><Value i:type="a:double" xmlns:a="http://www.w3.org/2001/XMLSchema">0</Value></Attribute><Attribute z:Id="i216"><AttributeType>izz</AttributeType><IsRequired>true</IsRequired><Value i:type="a:double" xmlns:a="http://www.w3.org/2001/XMLSchema">0</Value></Attribute></Attributes><ChildElements/><ElementName>inertia</ElementName><required>false</required><IxxAttribute z:Ref="i211"/><IxyAttribute z:Ref="i212"/><IxzAttribute z:Ref="i213"/><IyyAttribute z:Ref="i214"/><IyzAttribute z:Ref="i215"/><IzzAttribute z:Ref="i216"/></URDFElement></ChildElements><ElementName>inertial</ElementName><required>false</required><Inertia z:Ref="i210"/><Mass z:Ref="i208"/><Origin z:Ref="i205"/></URDFElement><URDFElement z:Id="i217" i:type="Visual"><Attributes/><ChildElements><URDFElement z:Id="i218" i:type="Origin"><Attributes><Attribute z:Id="i219"><AttributeType>xyz</AttributeType><IsRequired>true</IsRequired><Value i:type="a:ArrayOfdouble" xmlns:a="http://schemas.microsoft.com/2003/10/Serialization/Arrays"><a:double>0</a:double><a:double>0</a:double><a:double>0</a:double></Value></Attribute><Attribute z:Id="i220"><AttributeType>rpy</AttributeType><IsRequired>true</IsRequired><Value i:type="a:ArrayOfdouble" xmlns:a="http://schemas.microsoft.com/2003/10/Serialization/Arrays"><a:double>0</a:double><a:double>0</a:double><a:double>0</a:double></Value></Attribute></Attributes><ChildElements/><ElementName>origin</ElementName><required>false</required><RPYAttribute z:Ref="i220"/><XYZAttribute z:Ref="i219"/><isCustomized>false</isCustomized></URDFElement><URDFElement z:Id="i221" i:type="Geometry"><Attributes/><ChildElements><URDFElement z:Id="i222" i:type="Mesh"><Attributes><Attribute z:Id="i223"><AttributeType>filename</AttributeType><IsRequired>true</IsRequired><Value i:nil="true"/></Attribute></Attributes><ChildElements/><ElementName>mesh</ElementName><required>false</required><FilenameAttribute z:Ref="i223"/></URDFElement></ChildElements><ElementName>geometry</ElementName><required>true</required><Mesh z:Ref="i222"/></URDFElement><URDFElement z:Id="i224" i:type="Material"><Attributes><Attribute z:Id="i225"><AttributeType>name</AttributeType><IsRequired>true</IsRequired><Value i:type="a:string" xmlns:a="http://www.w3.org/2001/XMLSchema"/></Attribute></Attributes><ChildElements><URDFElement z:Id="i226" i:type="Color"><Attributes><Attribute z:Id="i227"><AttributeType>rgba</AttributeType><IsRequired>true</IsRequired><Value i:type="a:ArrayOfdouble" xmlns:a="http://schemas.microsoft.com/2003/10/Serialization/Arrays"><a:double>1</a:double><a:double>1</a:double><a:double>1</a:double><a:double>1</a:double></Value></Attribute></Attributes><ChildElements/><ElementName>color</ElementName><required>false</required><RGBAAttribute z:Ref="i227"/></URDFElement><URDFElement z:Id="i228" i:type="Texture"><Attributes><Attribute z:Id="i229"><AttributeType>filename</AttributeType><IsRequired>true</IsRequired><Value i:nil="true"/></Attribute></Attributes><ChildElements/><ElementName>texture</ElementName><required>false</required><FilenameAttribute z:Ref="i229"/><wFilename/></URDFElement></ChildElements><ElementName>material</ElementName><required>false</required><Color z:Ref="i226"/><NameAttribute z:Ref="i225"/><Texture z:Ref="i228"/></URDFElement></ChildElements><ElementName>visual</ElementName><required>false</required><Geometry z:Ref="i221"/><Material z:Ref="i224"/><Origin z:Ref="i218"/></URDFElement><URDFElement z:Id="i230" i:type="Collision"><Attributes/><ChildElements><URDFElement z:Id="i231" i:type="Origin"><Attributes><Attribute z:Id="i232"><AttributeType>xyz</AttributeType><IsRequired>true</IsRequired><Value i:type="a:ArrayOfdouble" xmlns:a="http://schemas.microsoft.com/2003/10/Serialization/Arrays"><a:double>0</a:double><a:double>0</a:double><a:double>0</a:double></Value></Attribute><Attribute z:Id="i233"><AttributeType>rpy</AttributeType><IsRequired>true</IsRequired><Value i:type="a:ArrayOfdouble" xmlns:a="http://schemas.microsoft.com/2003/10/Serialization/Arrays"><a:double>0</a:double><a:double>0</a:double><a:double>0</a:double></Value></Attribute></Attributes><ChildElements/><ElementName>origin</ElementName><required>false</required><RPYAttribute z:Ref="i233"/><XYZAttribute z:Ref="i232"/><isCustomized>false</isCustomized></URDFElement><URDFElement z:Id="i234" i:type="Geometry"><Attributes/><ChildElements><URDFElement z:Id="i235" i:type="Mesh"><Attributes><Attribute z:Id="i236"><AttributeType>filename</AttributeType><IsRequired>true</IsRequired><Value i:nil="true"/></Attribute></Attributes><ChildElements/><ElementName>mesh</ElementName><required>false</required><FilenameAttribute z:Ref="i236"/></URDFElement></ChildElements><ElementName>geometry</ElementName><required>true</required><Mesh z:Ref="i235"/></URDFElement></ChildElements><ElementName>collision</ElementName><required>false</required><Geometry z:Ref="i234"/><Origin z:Ref="i231"/></URDFElement><URDFElement z:Id="i237" i:type="Joint"><Attributes><Attribute z:Id="i238"><AttributeType>name</AttributeType><IsRequired>true</IsRequired><Value i:type="a:string" xmlns:a="http://www.w3.org/2001/XMLSchema">joint3</Value></Attribute><Attribute z:Id="i239"><AttributeType>type</AttributeType><IsRequired>true</IsRequired><Value i:type="a:string" xmlns:a="http://www.w3.org/2001/XMLSchema">revolute</Value></Attribute></Attributes><ChildElements><URDFElement z:Id="i240" i:type="Origin"><Attributes><Attribute z:Id="i241"><AttributeType>xyz</AttributeType><IsRequired>true</IsRequired><Value i:type="a:ArrayOfdouble" xmlns:a="http://schemas.microsoft.com/2003/10/Serialization/Arrays"><a:double>0</a:double><a:double>0</a:double><a:double>0</a:double></Value></Attribute><Attribute z:Id="i242"><AttributeType>rpy</AttributeType><IsRequired>true</IsRequired><Value i:type="a:ArrayOfdouble" xmlns:a="http://schemas.microsoft.com/2003/10/Serialization/Arrays"><a:double>0</a:double><a:double>0</a:double><a:double>0</a:double></Value></Attribute></Attributes><ChildElements/><ElementName>origin</ElementName><required>false</required><RPYAttribute z:Ref="i242"/><XYZAttribute z:Ref="i241"/><isCustomized>false</isCustomized></URDFElement><URDFElement z:Id="i243" i:type="ParentLink"><Attributes><Attribute z:Id="i244"><AttributeType>link</AttributeType><IsRequired>true</IsRequired><Value i:type="a:string" xmlns:a="http://www.w3.org/2001/XMLSchema"/></Attribute></Attributes><ChildElements/><ElementName>parent</ElementName><required>true</required><NameAttribute z:Ref="i244"/></URDFElement><URDFElement z:Id="i245" i:type="ChildLink"><Attributes><Attribute z:Id="i246"><AttributeType>link</AttributeType><IsRequired>true</IsRequired><Value i:type="a:string" xmlns:a="http://www.w3.org/2001/XMLSchema"/></Attribute></Attributes><ChildElements/><ElementName>child</ElementName><required>true</required><NameAttribute z:Ref="i246"/></URDFElement><URDFElement z:Id="i247" i:type="Axis"><Attributes><Attribute z:Id="i248"><AttributeType>xyz</AttributeType><IsRequired>true</IsRequired><Value i:type="a:ArrayOfdouble" xmlns:a="http://schemas.microsoft.com/2003/10/Serialization/Arrays"><a:double>0</a:double><a:double>0</a:double><a:double>0</a:double></Value></Attribute></Attributes><ChildElements/><ElementName>axis</ElementName><required>false</required><XYZAttribute z:Ref="i248"/></URDFElement><URDFElement z:Id="i249" i:type="Limit"><Attributes><Attribute z:Id="i250"><AttributeType>lower</AttributeType><IsRequired>false</IsRequired><Value i:nil="true"/></Attribute><Attribute z:Id="i251"><AttributeType>upper</AttributeType><IsRequired>false</IsRequired><Value i:nil="true"/></Attribute><Attribute z:Id="i252"><AttributeType>effort</AttributeType><IsRequired>true</IsRequired><Value i:nil="true"/></Attribute><Attribute z:Id="i253"><AttributeType>velocity</AttributeType><IsRequired>true</IsRequired><Value i:nil="true"/></Attribute></Attributes><ChildElements/><ElementName>limit</ElementName><required>false</required><EffortAttribute z:Ref="i252"/><LowerAttribute z:Ref="i250"/><UpperAttribute z:Ref="i251"/><VelocityAttribute z:Ref="i253"/></URDFElement><URDFElement z:Id="i254" i:type="Calibration"><Attributes><Attribute z:Id="i255"><AttributeType>rising</AttributeType><IsRequired>false</IsRequired><Value i:nil="true"/></Attribute><Attribute z:Id="i256"><AttributeType>falling</AttributeType><IsRequired>false</IsRequired><Value i:nil="true"/></Attribute></Attributes><ChildElements/><ElementName>calibration</ElementName><required>false</required><FallingAttribute z:Ref="i256"/><RisingAttribute z:Ref="i255"/></URDFElement><URDFElement z:Id="i257" i:type="Dynamics"><Attributes><Attribute z:Id="i258"><AttributeType>damping</AttributeType><IsRequired>false</IsRequired><Value i:nil="true"/></Attribute><Attribute z:Id="i259"><AttributeType>friction</AttributeType><IsRequired>false</IsRequired><Value i:nil="true"/></Attribute></Attributes><ChildElements/><ElementName>dynamics</ElementName><required>false</required><DampingAttribute z:Ref="i258"/><FrictionAttribute z:Ref="i259"/></URDFElement><URDFElement z:Id="i260" i:type="SafetyController"><Attributes><Attribute z:Id="i261"><AttributeType>soft_upper_limit</AttributeType><IsRequired>false</IsRequired><Value i:nil="true"/></Attribute><Attribute z:Id="i262"><AttributeType>soft_lower_limit</AttributeType><IsRequired>false</IsRequired><Value i:nil="true"/></Attribute><Attribute z:Id="i263"><AttributeType>k_position</AttributeType><IsRequired>false</IsRequired><Value i:nil="true"/></Attribute><Attribute z:Id="i264"><AttributeType>k_velocity</AttributeType><IsRequired>true</IsRequired><Value i:nil="true"/></Attribute></Attributes><ChildElements/><ElementName>safety_controller</ElementName><required>false</required><KPositionAttribute z:Ref="i263"/><KVelocityAttribute z:Ref="i264"/><SoftLowerAttribute z:Ref="i262"/><SoftUpperAttribute z:Ref="i261"/></URDFElement><URDFElement z:Id="i265" i:type="Mimic"><Attributes><Attribute z:Id="i266"><AttributeType>joint</AttributeType><IsRequired>true</IsRequired><Value i:nil="true"/></Attribute><Attribute z:Id="i267"><AttributeType>multiplier</AttributeType><IsRequired>false</IsRequired><Value i:nil="true"/></Attribute><Attribute z:Id="i268"><AttributeType>offset</AttributeType><IsRequired>false</IsRequired><Value i:nil="true"/></Attribute></Attributes><ChildElements/><ElementName>mimic</ElementName><required>false</required><JointNameAttribute z:Ref="i266"/><MultiplierAttribute z:Ref="i267"/><OffsetAttribute z:Ref="i268"/></URDFElement></ChildElements><ElementName>joint</ElementName><required>false</required><Axis z:Ref="i247"/><AxisName>?????????3</AxisName><Calibration z:Ref="i254"/><Child z:Ref="i245"/><CoordinateSystemName>?????????3</CoordinateSystemName><Dynamics z:Ref="i257"/><Limit z:Ref="i249"/><Mimic z:Ref="i265"/><NameAttribute z:Ref="i238"/><Origin z:Ref="i240"/><Parent z:Ref="i243"/><Safety z:Ref="i260"/><TypeAttribute z:Ref="i239"/></URDFElement></ChildElements><ElementName>link</ElementName><required>true</required><Children><Link z:Id="i269"><Attributes><Attribute z:Id="i270"><AttributeType>name</AttributeType><IsRequired>true</IsRequired><Value i:type="a:string" xmlns:a="http://www.w3.org/2001/XMLSchema">link4</Value></Attribute></Attributes><ChildElements><URDFElement z:Id="i271" i:type="Inertial"><Attributes/><ChildElements><URDFElement z:Id="i272" i:type="Origin"><Attributes><Attribute z:Id="i273"><AttributeType>xyz</AttributeType><IsRequired>true</IsRequired><Value i:type="a:ArrayOfdouble" xmlns:a="http://schemas.microsoft.com/2003/10/Serialization/Arrays"><a:double>0</a:double><a:double>0</a:double><a:double>0</a:double></Value></Attribute><Attribute z:Id="i274"><AttributeType>rpy</AttributeType><IsRequired>true</IsRequired><Value i:type="a:ArrayOfdouble" xmlns:a="http://schemas.microsoft.com/2003/10/Serialization/Arrays"><a:double>0</a:double><a:double>0</a:double><a:double>0</a:double></Value></Attribute></Attributes><ChildElements/><ElementName>origin</ElementName><required>false</required><RPYAttribute z:Ref="i274"/><XYZAttribute z:Ref="i273"/><isCustomized>false</isCustomized></URDFElement><URDFElement z:Id="i275" i:type="Mass"><Attributes><Attribute z:Id="i276"><AttributeType>value</AttributeType><IsRequired>true</IsRequired><Value i:type="a:double" xmlns:a="http://www.w3.org/2001/XMLSchema">0</Value></Attribute></Attributes><ChildElements/><ElementName>mass</ElementName><required>false</required><ValueAttribute z:Ref="i276"/></URDFElement><URDFElement z:Id="i277" i:type="Inertia"><Attributes><Attribute z:Id="i278"><AttributeType>ixx</AttributeType><IsRequired>true</IsRequired><Value i:type="a:double" xmlns:a="http://www.w3.org/2001/XMLSchema">0</Value></Attribute><Attribute z:Id="i279"><AttributeType>ixy</AttributeType><IsRequired>true</IsRequired><Value i:type="a:double" xmlns:a="http://www.w3.org/2001/XMLSchema">0</Value></Attribute><Attribute z:Id="i280"><AttributeType>ixz</AttributeType><IsRequired>true</IsRequired><Value i:type="a:double" xmlns:a="http://www.w3.org/2001/XMLSchema">0</Value></Attribute><Attribute z:Id="i281"><AttributeType>iyy</AttributeType><IsRequired>true</IsRequired><Value i:type="a:double" xmlns:a="http://www.w3.org/2001/XMLSchema">0</Value></Attribute><Attribute z:Id="i282"><AttributeType>iyz</AttributeType><IsRequired>true</IsRequired><Value i:type="a:double" xmlns:a="http://www.w3.org/2001/XMLSchema">0</Value></Attribute><Attribute z:Id="i283"><AttributeType>izz</AttributeType><IsRequired>true</IsRequired><Value i:type="a:double" xmlns:a="http://www.w3.org/2001/XMLSchema">0</Value></Attribute></Attributes><ChildElements/><ElementName>inertia</ElementName><required>false</required><IxxAttribute z:Ref="i278"/><IxyAttribute z:Ref="i279"/><IxzAttribute z:Ref="i280"/><IyyAttribute z:Ref="i281"/><IyzAttribute z:Ref="i282"/><IzzAttribute z:Ref="i283"/></URDFElement></ChildElements><ElementName>inertial</ElementName><required>false</required><Inertia z:Ref="i277"/><Mass z:Ref="i275"/><Origin z:Ref="i272"/></URDFElement><URDFElement z:Id="i284" i:type="Visual"><Attributes/><ChildElements><URDFElement z:Id="i285" i:type="Origin"><Attributes><Attribute z:Id="i286"><AttributeType>xyz</AttributeType><IsRequired>true</IsRequired><Value i:type="a:ArrayOfdouble" xmlns:a="http://schemas.microsoft.com/2003/10/Serialization/Arrays"><a:double>0</a:double><a:double>0</a:double><a:double>0</a:double></Value></Attribute><Attribute z:Id="i287"><AttributeType>rpy</AttributeType><IsRequired>true</IsRequired><Value i:type="a:ArrayOfdouble" xmlns:a="http://schemas.microsoft.com/2003/10/Serialization/Arrays"><a:double>0</a:double><a:double>0</a:double><a:double>0</a:double></Value></Attribute></Attributes><ChildElements/><ElementName>origin</ElementName><required>false</required><RPYAttribute z:Ref="i287"/><XYZAttribute z:Ref="i286"/><isCustomized>false</isCustomized></URDFElement><URDFElement z:Id="i288" i:type="Geometry"><Attributes/><ChildElements><URDFElement z:Id="i289" i:type="Mesh"><Attributes><Attribute z:Id="i290"><AttributeType>filename</AttributeType><IsRequired>true</IsRequired><Value i:nil="true"/></Attribute></Attributes><ChildElements/><ElementName>mesh</ElementName><required>false</required><FilenameAttribute z:Ref="i290"/></URDFElement></ChildElements><ElementName>geometry</ElementName><required>true</required><Mesh z:Ref="i289"/></URDFElement><URDFElement z:Id="i291" i:type="Material"><Attributes><Attribute z:Id="i292"><AttributeType>name</AttributeType><IsRequired>true</IsRequired><Value i:type="a:string" xmlns:a="http://www.w3.org/2001/XMLSchema"/></Attribute></Attributes><ChildElements><URDFElement z:Id="i293" i:type="Color"><Attributes><Attribute z:Id="i294"><AttributeType>rgba</AttributeType><IsRequired>true</IsRequired><Value i:type="a:ArrayOfdouble" xmlns:a="http://schemas.microsoft.com/2003/10/Serialization/Arrays"><a:double>1</a:double><a:double>1</a:double><a:double>1</a:double><a:double>1</a:double></Value></Attribute></Attributes><ChildElements/><ElementName>color</ElementName><required>false</required><RGBAAttribute z:Ref="i294"/></URDFElement><URDFElement z:Id="i295" i:type="Texture"><Attributes><Attribute z:Id="i296"><AttributeType>filename</AttributeType><IsRequired>true</IsRequired><Value i:nil="true"/></Attribute></Attributes><ChildElements/><ElementName>texture</ElementName><required>false</required><FilenameAttribute z:Ref="i296"/><wFilename/></URDFElement></ChildElements><ElementName>material</ElementName><required>false</required><Color z:Ref="i293"/><NameAttribute z:Ref="i292"/><Texture z:Ref="i295"/></URDFElement></ChildElements><ElementName>visual</ElementName><required>false</required><Geometry z:Ref="i288"/><Material z:Ref="i291"/><Origin z:Ref="i285"/></URDFElement><URDFElement z:Id="i297" i:type="Collision"><Attributes/><ChildElements><URDFElement z:Id="i298" i:type="Origin"><Attributes><Attribute z:Id="i299"><AttributeType>xyz</AttributeType><IsRequired>true</IsRequired><Value i:type="a:ArrayOfdouble" xmlns:a="http://schemas.microsoft.com/2003/10/Serialization/Arrays"><a:double>0</a:double><a:double>0</a:double><a:double>0</a:double></Value></Attribute><Attribute z:Id="i300"><AttributeType>rpy</AttributeType><IsRequired>true</IsRequired><Value i:type="a:ArrayOfdouble" xmlns:a="http://schemas.microsoft.com/2003/10/Serialization/Arrays"><a:double>0</a:double><a:double>0</a:double><a:double>0</a:double></Value></Attribute></Attributes><ChildElements/><ElementName>origin</ElementName><required>false</required><RPYAttribute z:Ref="i300"/><XYZAttribute z:Ref="i299"/><isCustomized>false</isCustomized></URDFElement><URDFElement z:Id="i301" i:type="Geometry"><Attributes/><ChildElements><URDFElement z:Id="i302" i:type="Mesh"><Attributes><Attribute z:Id="i303"><AttributeType>filename</AttributeType><IsRequired>true</IsRequired><Value i:nil="true"/></Attribute></Attributes><ChildElements/><ElementName>mesh</ElementName><required>false</required><FilenameAttribute z:Ref="i303"/></URDFElement></ChildElements><ElementName>geometry</ElementName><required>true</required><Mesh z:Ref="i302"/></URDFElement></ChildElements><ElementName>collision</ElementName><required>false</required><Geometry z:Ref="i301"/><Origin z:Ref="i298"/></URDFElement><URDFElement z:Id="i304" i:type="Joint"><Attributes><Attribute z:Id="i305"><AttributeType>name</AttributeType><IsRequired>true</IsRequired><Value i:type="a:string" xmlns:a="http://www.w3.org/2001/XMLSchema">joint4</Value></Attribute><Attribute z:Id="i306"><AttributeType>type</AttributeType><IsRequired>true</IsRequired><Value i:type="a:string" xmlns:a="http://www.w3.org/2001/XMLSchema">revolute</Value></Attribute></Attributes><ChildElements><URDFElement z:Id="i307" i:type="Origin"><Attributes><Attribute z:Id="i308"><AttributeType>xyz</AttributeType><IsRequired>true</IsRequired><Value i:type="a:ArrayOfdouble" xmlns:a="http://schemas.microsoft.com/2003/10/Serialization/Arrays"><a:double>0</a:double><a:double>0</a:double><a:double>0</a:double></Value></Attribute><Attribute z:Id="i309"><AttributeType>rpy</AttributeType><IsRequired>true</IsRequired><Value i:type="a:ArrayOfdouble" xmlns:a="http://schemas.microsoft.com/2003/10/Serialization/Arrays"><a:double>0</a:double><a:double>0</a:double><a:double>0</a:double></Value></Attribute></Attributes><ChildElements/><ElementName>origin</ElementName><required>false</required><RPYAttribute z:Ref="i309"/><XYZAttribute z:Ref="i308"/><isCustomized>false</isCustomized></URDFElement><URDFElement z:Id="i310" i:type="ParentLink"><Attributes><Attribute z:Id="i311"><AttributeType>link</AttributeType><IsRequired>true</IsRequired><Value i:type="a:string" xmlns:a="http://www.w3.org/2001/XMLSchema"/></Attribute></Attributes><ChildElements/><ElementName>parent</ElementName><required>true</required><NameAttribute z:Ref="i311"/></URDFElement><URDFElement z:Id="i312" i:type="ChildLink"><Attributes><Attribute z:Id="i313"><AttributeType>link</AttributeType><IsRequired>true</IsRequired><Value i:type="a:string" xmlns:a="http://www.w3.org/2001/XMLSchema"/></Attribute></Attributes><ChildElements/><ElementName>child</ElementName><required>true</required><NameAttribute z:Ref="i313"/></URDFElement><URDFElement z:Id="i314" i:type="Axis"><Attributes><Attribute z:Id="i315"><AttributeType>xyz</AttributeType><IsRequired>true</IsRequired><Value i:type="a:ArrayOfdouble" xmlns:a="http://schemas.microsoft.com/2003/10/Serialization/Arrays"><a:double>0</a:double><a:double>0</a:double><a:double>0</a:double></Value></Attribute></Attributes><ChildElements/><ElementName>axis</ElementName><required>false</required><XYZAttribute z:Ref="i315"/></URDFElement><URDFElement z:Id="i316" i:type="Limit"><Attributes><Attribute z:Id="i317"><AttributeType>lower</AttributeType><IsRequired>false</IsRequired><Value i:nil="true"/></Attribute><Attribute z:Id="i318"><AttributeType>upper</AttributeType><IsRequired>false</IsRequired><Value i:nil="true"/></Attribute><Attribute z:Id="i319"><AttributeType>effort</AttributeType><IsRequired>true</IsRequired><Value i:nil="true"/></Attribute><Attribute z:Id="i320"><AttributeType>velocity</AttributeType><IsRequired>true</IsRequired><Value i:nil="true"/></Attribute></Attributes><ChildElements/><ElementName>limit</ElementName><required>false</required><EffortAttribute z:Ref="i319"/><LowerAttribute z:Ref="i317"/><UpperAttribute z:Ref="i318"/><VelocityAttribute z:Ref="i320"/></URDFElement><URDFElement z:Id="i321" i:type="Calibration"><Attributes><Attribute z:Id="i322"><AttributeType>rising</AttributeType><IsRequired>false</IsRequired><Value i:nil="true"/></Attribute><Attribute z:Id="i323"><AttributeType>falling</AttributeType><IsRequired>false</IsRequired><Value i:nil="true"/></Attribute></Attributes><ChildElements/><ElementName>calibration</ElementName><required>false</required><FallingAttribute z:Ref="i323"/><RisingAttribute z:Ref="i322"/></URDFElement><URDFElement z:Id="i324" i:type="Dynamics"><Attributes><Attribute z:Id="i325"><AttributeType>damping</AttributeType><IsRequired>false</IsRequired><Value i:nil="true"/></Attribute><Attribute z:Id="i326"><AttributeType>friction</AttributeType><IsRequired>false</IsRequired><Value i:nil="true"/></Attribute></Attributes><ChildElements/><ElementName>dynamics</ElementName><required>false</required><DampingAttribute z:Ref="i325"/><FrictionAttribute z:Ref="i326"/></URDFElement><URDFElement z:Id="i327" i:type="SafetyController"><Attributes><Attribute z:Id="i328"><AttributeType>soft_upper_limit</AttributeType><IsRequired>false</IsRequired><Value i:nil="true"/></Attribute><Attribute z:Id="i329"><AttributeType>soft_lower_limit</AttributeType><IsRequired>false</IsRequired><Value i:nil="true"/></Attribute><Attribute z:Id="i330"><AttributeType>k_position</AttributeType><IsRequired>false</IsRequired><Value i:nil="true"/></Attribute><Attribute z:Id="i331"><AttributeType>k_velocity</AttributeType><IsRequired>true</IsRequired><Value i:nil="true"/></Attribute></Attributes><ChildElements/><ElementName>safety_controller</ElementName><required>false</required><KPositionAttribute z:Ref="i330"/><KVelocityAttribute z:Ref="i331"/><SoftLowerAttribute z:Ref="i329"/><SoftUpperAttribute z:Ref="i328"/></URDFElement><URDFElement z:Id="i332" i:type="Mimic"><Attributes><Attribute z:Id="i333"><AttributeType>joint</AttributeType><IsRequired>true</IsRequired><Value i:nil="true"/></Attribute><Attribute z:Id="i334"><AttributeType>multiplier</AttributeType><IsRequired>false</IsRequired><Value i:nil="true"/></Attribute><Attribute z:Id="i335"><AttributeType>offset</AttributeType><IsRequired>false</IsRequired><Value i:nil="true"/></Attribute></Attributes><ChildElements/><ElementName>mimic</ElementName><required>false</required><JointNameAttribute z:Ref="i333"/><MultiplierAttribute z:Ref="i334"/><OffsetAttribute z:Ref="i335"/></URDFElement></ChildElements><ElementName>joint</ElementName><required>false</required><Axis z:Ref="i314"/><AxisName>?????????4</AxisName><Calibration z:Ref="i321"/><Child z:Ref="i312"/><CoordinateSystemName>?????????4</CoordinateSystemName><Dynamics z:Ref="i324"/><Limit z:Ref="i316"/><Mimic z:Ref="i332"/><NameAttribute z:Ref="i305"/><Origin z:Ref="i307"/><Parent z:Ref="i310"/><Safety z:Ref="i327"/><TypeAttribute z:Ref="i306"/></URDFElement></ChildElements><ElementName>link</ElementName><required>true</required><Children><Link z:Id="i336"><Attributes><Attribute z:Id="i337"><AttributeType>name</AttributeType><IsRequired>true</IsRequired><Value i:type="a:string" xmlns:a="http://www.w3.org/2001/XMLSchema">link5</Value></Attribute></Attributes><ChildElements><URDFElement z:Id="i338" i:type="Inertial"><Attributes/><ChildElements><URDFElement z:Id="i339" i:type="Origin"><Attributes><Attribute z:Id="i340"><AttributeType>xyz</AttributeType><IsRequired>true</IsRequired><Value i:type="a:ArrayOfdouble" xmlns:a="http://schemas.microsoft.com/2003/10/Serialization/Arrays"><a:double>0</a:double><a:double>0</a:double><a:double>0</a:double></Value></Attribute><Attribute z:Id="i341"><AttributeType>rpy</AttributeType><IsRequired>true</IsRequired><Value i:type="a:ArrayOfdouble" xmlns:a="http://schemas.microsoft.com/2003/10/Serialization/Arrays"><a:double>0</a:double><a:double>0</a:double><a:double>0</a:double></Value></Attribute></Attributes><ChildElements/><ElementName>origin</ElementName><required>false</required><RPYAttribute z:Ref="i341"/><XYZAttribute z:Ref="i340"/><isCustomized>false</isCustomized></URDFElement><URDFElement z:Id="i342" i:type="Mass"><Attributes><Attribute z:Id="i343"><AttributeType>value</AttributeType><IsRequired>true</IsRequired><Value i:type="a:double" xmlns:a="http://www.w3.org/2001/XMLSchema">0</Value></Attribute></Attributes><ChildElements/><ElementName>mass</ElementName><required>false</required><ValueAttribute z:Ref="i343"/></URDFElement><URDFElement z:Id="i344" i:type="Inertia"><Attributes><Attribute z:Id="i345"><AttributeType>ixx</AttributeType><IsRequired>true</IsRequired><Value i:type="a:double" xmlns:a="http://www.w3.org/2001/XMLSchema">0</Value></Attribute><Attribute z:Id="i346"><AttributeType>ixy</AttributeType><IsRequired>true</IsRequired><Value i:type="a:double" xmlns:a="http://www.w3.org/2001/XMLSchema">0</Value></Attribute><Attribute z:Id="i347"><AttributeType>ixz</AttributeType><IsRequired>true</IsRequired><Value i:type="a:double" xmlns:a="http://www.w3.org/2001/XMLSchema">0</Value></Attribute><Attribute z:Id="i348"><AttributeType>iyy</AttributeType><IsRequired>true</IsRequired><Value i:type="a:double" xmlns:a="http://www.w3.org/2001/XMLSchema">0</Value></Attribute><Attribute z:Id="i349"><AttributeType>iyz</AttributeType><IsRequired>true</IsRequired><Value i:type="a:double" xmlns:a="http://www.w3.org/2001/XMLSchema">0</Value></Attribute><Attribute z:Id="i350"><AttributeType>izz</AttributeType><IsRequired>true</IsRequired><Value i:type="a:double" xmlns:a="http://www.w3.org/2001/XMLSchema">0</Value></Attribute></Attributes><ChildElements/><ElementName>inertia</ElementName><required>false</required><IxxAttribute z:Ref="i345"/><IxyAttribute z:Ref="i346"/><IxzAttribute z:Ref="i347"/><IyyAttribute z:Ref="i348"/><IyzAttribute z:Ref="i349"/><IzzAttribute z:Ref="i350"/></URDFElement></ChildElements><ElementName>inertial</ElementName><required>false</required><Inertia z:Ref="i344"/><Mass z:Ref="i342"/><Origin z:Ref="i339"/></URDFElement><URDFElement z:Id="i351" i:type="Visual"><Attributes/><ChildElements><URDFElement z:Id="i352" i:type="Origin"><Attributes><Attribute z:Id="i353"><AttributeType>xyz</AttributeType><IsRequired>true</IsRequired><Value i:type="a:ArrayOfdouble" xmlns:a="http://schemas.microsoft.com/2003/10/Serialization/Arrays"><a:double>0</a:double><a:double>0</a:double><a:double>0</a:double></Value></Attribute><Attribute z:Id="i354"><AttributeType>rpy</AttributeType><IsRequired>true</IsRequired><Value i:type="a:ArrayOfdouble" xmlns:a="http://schemas.microsoft.com/2003/10/Serialization/Arrays"><a:double>0</a:double><a:double>0</a:double><a:double>0</a:double></Value></Attribute></Attributes><ChildElements/><ElementName>origin</ElementName><required>false</required><RPYAttribute z:Ref="i354"/><XYZAttribute z:Ref="i353"/><isCustomized>false</isCustomized></URDFElement><URDFElement z:Id="i355" i:type="Geometry"><Attributes/><ChildElements><URDFElement z:Id="i356" i:type="Mesh"><Attributes><Attribute z:Id="i357"><AttributeType>filename</AttributeType><IsRequired>true</IsRequired><Value i:nil="true"/></Attribute></Attributes><ChildElements/><ElementName>mesh</ElementName><required>false</required><FilenameAttribute z:Ref="i357"/></URDFElement></ChildElements><ElementName>geometry</ElementName><required>true</required><Mesh z:Ref="i356"/></URDFElement><URDFElement z:Id="i358" i:type="Material"><Attributes><Attribute z:Id="i359"><AttributeType>name</AttributeType><IsRequired>true</IsRequired><Value i:type="a:string" xmlns:a="http://www.w3.org/2001/XMLSchema"/></Attribute></Attributes><ChildElements><URDFElement z:Id="i360" i:type="Color"><Attributes><Attribute z:Id="i361"><AttributeType>rgba</AttributeType><IsRequired>true</IsRequired><Value i:type="a:ArrayOfdouble" xmlns:a="http://schemas.microsoft.com/2003/10/Serialization/Arrays"><a:double>1</a:double><a:double>1</a:double><a:double>1</a:double><a:double>1</a:double></Value></Attribute></Attributes><ChildElements/><ElementName>color</ElementName><required>false</required><RGBAAttribute z:Ref="i361"/></URDFElement><URDFElement z:Id="i362" i:type="Texture"><Attributes><Attribute z:Id="i363"><AttributeType>filename</AttributeType><IsRequired>true</IsRequired><Value i:nil="true"/></Attribute></Attributes><ChildElements/><ElementName>texture</ElementName><required>false</required><FilenameAttribute z:Ref="i363"/><wFilename/></URDFElement></ChildElements><ElementName>material</ElementName><required>false</required><Color z:Ref="i360"/><NameAttribute z:Ref="i359"/><Texture z:Ref="i362"/></URDFElement></ChildElements><ElementName>visual</ElementName><required>false</required><Geometry z:Ref="i355"/><Material z:Ref="i358"/><Origin z:Ref="i352"/></URDFElement><URDFElement z:Id="i364" i:type="Collision"><Attributes/><ChildElements><URDFElement z:Id="i365" i:type="Origin"><Attributes><Attribute z:Id="i366"><AttributeType>xyz</AttributeType><IsRequired>true</IsRequired><Value i:type="a:ArrayOfdouble" xmlns:a="http://schemas.microsoft.com/2003/10/Serialization/Arrays"><a:double>0</a:double><a:double>0</a:double><a:double>0</a:double></Value></Attribute><Attribute z:Id="i367"><AttributeType>rpy</AttributeType><IsRequired>true</IsRequired><Value i:type="a:ArrayOfdouble" xmlns:a="http://schemas.microsoft.com/2003/10/Serialization/Arrays"><a:double>0</a:double><a:double>0</a:double><a:double>0</a:double></Value></Attribute></Attributes><ChildElements/><ElementName>origin</ElementName><required>false</required><RPYAttribute z:Ref="i367"/><XYZAttribute z:Ref="i366"/><isCustomized>false</isCustomized></URDFElement><URDFElement z:Id="i368" i:type="Geometry"><Attributes/><ChildElements><URDFElement z:Id="i369" i:type="Mesh"><Attributes><Attribute z:Id="i370"><AttributeType>filename</AttributeType><IsRequired>true</IsRequired><Value i:nil="true"/></Attribute></Attributes><ChildElements/><ElementName>mesh</ElementName><required>false</required><FilenameAttribute z:Ref="i370"/></URDFElement></ChildElements><ElementName>geometry</ElementName><required>true</required><Mesh z:Ref="i369"/></URDFElement></ChildElements><ElementName>collision</ElementName><required>false</required><Geometry z:Ref="i368"/><Origin z:Ref="i365"/></URDFElement><URDFElement z:Id="i371" i:type="Joint"><Attributes><Attribute z:Id="i372"><AttributeType>name</AttributeType><IsRequired>true</IsRequired><Value i:type="a:string" xmlns:a="http://www.w3.org/2001/XMLSchema">joint5</Value></Attribute><Attribute z:Id="i373"><AttributeType>type</AttributeType><IsRequired>true</IsRequired><Value i:type="a:string" xmlns:a="http://www.w3.org/2001/XMLSchema">revolute</Value></Attribute></Attributes><ChildElements><URDFElement z:Id="i374" i:type="Origin"><Attributes><Attribute z:Id="i375"><AttributeType>xyz</AttributeType><IsRequired>true</IsRequired><Value i:type="a:ArrayOfdouble" xmlns:a="http://schemas.microsoft.com/2003/10/Serialization/Arrays"><a:double>0</a:double><a:double>0</a:double><a:double>0</a:double></Value></Attribute><Attribute z:Id="i376"><AttributeType>rpy</AttributeType><IsRequired>true</IsRequired><Value i:type="a:ArrayOfdouble" xmlns:a="http://schemas.microsoft.com/2003/10/Serialization/Arrays"><a:double>0</a:double><a:double>0</a:double><a:double>0</a:double></Value></Attribute></Attributes><ChildElements/><ElementName>origin</ElementName><required>false</required><RPYAttribute z:Ref="i376"/><XYZAttribute z:Ref="i375"/><isCustomized>false</isCustomized></URDFElement><URDFElement z:Id="i377" i:type="ParentLink"><Attributes><Attribute z:Id="i378"><AttributeType>link</AttributeType><IsRequired>true</IsRequired><Value i:type="a:string" xmlns:a="http://www.w3.org/2001/XMLSchema"/></Attribute></Attributes><ChildElements/><ElementName>parent</ElementName><required>true</required><NameAttribute z:Ref="i378"/></URDFElement><URDFElement z:Id="i379" i:type="ChildLink"><Attributes><Attribute z:Id="i380"><AttributeType>link</AttributeType><IsRequired>true</IsRequired><Value i:type="a:string" xmlns:a="http://www.w3.org/2001/XMLSchema"/></Attribute></Attributes><ChildElements/><ElementName>child</ElementName><required>true</required><NameAttribute z:Ref="i380"/></URDFElement><URDFElement z:Id="i381" i:type="Axis"><Attributes><Attribute z:Id="i382"><AttributeType>xyz</AttributeType><IsRequired>true</IsRequired><Value i:type="a:ArrayOfdouble" xmlns:a="http://schemas.microsoft.com/2003/10/Serialization/Arrays"><a:double>0</a:double><a:double>0</a:double><a:double>0</a:double></Value></Attribute></Attributes><ChildElements/><ElementName>axis</ElementName><required>false</required><XYZAttribute z:Ref="i382"/></URDFElement><URDFElement z:Id="i383" i:type="Limit"><Attributes><Attribute z:Id="i384"><AttributeType>lower</AttributeType><IsRequired>false</IsRequired><Value i:nil="true"/></Attribute><Attribute z:Id="i385"><AttributeType>upper</AttributeType><IsRequired>false</IsRequired><Value i:nil="true"/></Attribute><Attribute z:Id="i386"><AttributeType>effort</AttributeType><IsRequired>true</IsRequired><Value i:nil="true"/></Attribute><Attribute z:Id="i387"><AttributeType>velocity</AttributeType><IsRequired>true</IsRequired><Value i:nil="true"/></Attribute></Attributes><ChildElements/><ElementName>limit</ElementName><required>false</required><EffortAttribute z:Ref="i386"/><LowerAttribute z:Ref="i384"/><UpperAttribute z:Ref="i385"/><VelocityAttribute z:Ref="i387"/></URDFElement><URDFElement z:Id="i388" i:type="Calibration"><Attributes><Attribute z:Id="i389"><AttributeType>rising</AttributeType><IsRequired>false</IsRequired><Value i:nil="true"/></Attribute><Attribute z:Id="i390"><AttributeType>falling</AttributeType><IsRequired>false</IsRequired><Value i:nil="true"/></Attribute></Attributes><ChildElements/><ElementName>calibration</ElementName><required>false</required><FallingAttribute z:Ref="i390"/><RisingAttribute z:Ref="i389"/></URDFElement><URDFElement z:Id="i391" i:type="Dynamics"><Attributes><Attribute z:Id="i392"><AttributeType>damping</AttributeType><IsRequired>false</IsRequired><Value i:nil="true"/></Attribute><Attribute z:Id="i393"><AttributeType>friction</AttributeType><IsRequired>false</IsRequired><Value i:nil="true"/></Attribute></Attributes><ChildElements/><ElementName>dynamics</ElementName><required>false</required><DampingAttribute z:Ref="i392"/><FrictionAttribute z:Ref="i393"/></URDFElement><URDFElement z:Id="i394" i:type="SafetyController"><Attributes><Attribute z:Id="i395"><AttributeType>soft_upper_limit</AttributeType><IsRequired>false</IsRequired><Value i:nil="true"/></Attribute><Attribute z:Id="i396"><AttributeType>soft_lower_limit</AttributeType><IsRequired>false</IsRequired><Value i:nil="true"/></Attribute><Attribute z:Id="i397"><AttributeType>k_position</AttributeType><IsRequired>false</IsRequired><Value i:nil="true"/></Attribute><Attribute z:Id="i398"><AttributeType>k_velocity</AttributeType><IsRequired>true</IsRequired><Value i:nil="true"/></Attribute></Attributes><ChildElements/><ElementName>safety_controller</ElementName><required>false</required><KPositionAttribute z:Ref="i397"/><KVelocityAttribute z:Ref="i398"/><SoftLowerAttribute z:Ref="i396"/><SoftUpperAttribute z:Ref="i395"/></URDFElement><URDFElement z:Id="i399" i:type="Mimic"><Attributes><Attribute z:Id="i400"><AttributeType>joint</AttributeType><IsRequired>true</IsRequired><Value i:nil="true"/></Attribute><Attribute z:Id="i401"><AttributeType>multiplier</AttributeType><IsRequired>false</IsRequired><Value i:nil="true"/></Attribute><Attribute z:Id="i402"><AttributeType>offset</AttributeType><IsRequired>false</IsRequired><Value i:nil="true"/></Attribute></Attributes><ChildElements/><ElementName>mimic</ElementName><required>false</required><JointNameAttribute z:Ref="i400"/><MultiplierAttribute z:Ref="i401"/><OffsetAttribute z:Ref="i402"/></URDFElement></ChildElements><ElementName>joint</ElementName><required>false</required><Axis z:Ref="i381"/><AxisName>?????????5</AxisName><Calibration z:Ref="i388"/><Child z:Ref="i379"/><CoordinateSystemName>?????????5</CoordinateSystemName><Dynamics z:Ref="i391"/><Limit z:Ref="i383"/><Mimic z:Ref="i399"/><NameAttribute z:Ref="i372"/><Origin z:Ref="i374"/><Parent z:Ref="i377"/><Safety z:Ref="i394"/><TypeAttribute z:Ref="i373"/></URDFElement></ChildElements><ElementName>link</ElementName><required>true</required><Children><Link z:Id="i403"><Attributes><Attribute z:Id="i404"><AttributeType>name</AttributeType><IsRequired>true</IsRequired><Value i:type="a:string" xmlns:a="http://www.w3.org/2001/XMLSchema">link6</Value></Attribute></Attributes><ChildElements><URDFElement z:Id="i405" i:type="Inertial"><Attributes/><ChildElements><URDFElement z:Id="i406" i:type="Origin"><Attributes><Attribute z:Id="i407"><AttributeType>xyz</AttributeType><IsRequired>true</IsRequired><Value i:type="a:ArrayOfdouble" xmlns:a="http://schemas.microsoft.com/2003/10/Serialization/Arrays"><a:double>0</a:double><a:double>0</a:double><a:double>0</a:double></Value></Attribute><Attribute z:Id="i408"><AttributeType>rpy</AttributeType><IsRequired>true</IsRequired><Value i:type="a:ArrayOfdouble" xmlns:a="http://schemas.microsoft.com/2003/10/Serialization/Arrays"><a:double>0</a:double><a:double>0</a:double><a:double>0</a:double></Value></Attribute></Attributes><ChildElements/><ElementName>origin</ElementName><required>false</required><RPYAttribute z:Ref="i408"/><XYZAttribute z:Ref="i407"/><isCustomized>false</isCustomized></URDFElement><URDFElement z:Id="i409" i:type="Mass"><Attributes><Attribute z:Id="i410"><AttributeType>value</AttributeType><IsRequired>true</IsRequired><Value i:type="a:double" xmlns:a="http://www.w3.org/2001/XMLSchema">0</Value></Attribute></Attributes><ChildElements/><ElementName>mass</ElementName><required>false</required><ValueAttribute z:Ref="i410"/></URDFElement><URDFElement z:Id="i411" i:type="Inertia"><Attributes><Attribute z:Id="i412"><AttributeType>ixx</AttributeType><IsRequired>true</IsRequired><Value i:type="a:double" xmlns:a="http://www.w3.org/2001/XMLSchema">0</Value></Attribute><Attribute z:Id="i413"><AttributeType>ixy</AttributeType><IsRequired>true</IsRequired><Value i:type="a:double" xmlns:a="http://www.w3.org/2001/XMLSchema">0</Value></Attribute><Attribute z:Id="i414"><AttributeType>ixz</AttributeType><IsRequired>true</IsRequired><Value i:type="a:double" xmlns:a="http://www.w3.org/2001/XMLSchema">0</Value></Attribute><Attribute z:Id="i415"><AttributeType>iyy</AttributeType><IsRequired>true</IsRequired><Value i:type="a:double" xmlns:a="http://www.w3.org/2001/XMLSchema">0</Value></Attribute><Attribute z:Id="i416"><AttributeType>iyz</AttributeType><IsRequired>true</IsRequired><Value i:type="a:double" xmlns:a="http://www.w3.org/2001/XMLSchema">0</Value></Attribute><Attribute z:Id="i417"><AttributeType>izz</AttributeType><IsRequired>true</IsRequired><Value i:type="a:double" xmlns:a="http://www.w3.org/2001/XMLSchema">0</Value></Attribute></Attributes><ChildElements/><ElementName>inertia</ElementName><required>false</required><IxxAttribute z:Ref="i412"/><IxyAttribute z:Ref="i413"/><IxzAttribute z:Ref="i414"/><IyyAttribute z:Ref="i415"/><IyzAttribute z:Ref="i416"/><IzzAttribute z:Ref="i417"/></URDFElement></ChildElements><ElementName>inertial</ElementName><required>false</required><Inertia z:Ref="i411"/><Mass z:Ref="i409"/><Origin z:Ref="i406"/></URDFElement><URDFElement z:Id="i418" i:type="Visual"><Attributes/><ChildElements><URDFElement z:Id="i419" i:type="Origin"><Attributes><Attribute z:Id="i420"><AttributeType>xyz</AttributeType><IsRequired>true</IsRequired><Value i:type="a:ArrayOfdouble" xmlns:a="http://schemas.microsoft.com/2003/10/Serialization/Arrays"><a:double>0</a:double><a:double>0</a:double><a:double>0</a:double></Value></Attribute><Attribute z:Id="i421"><AttributeType>rpy</AttributeType><IsRequired>true</IsRequired><Value i:type="a:ArrayOfdouble" xmlns:a="http://schemas.microsoft.com/2003/10/Serialization/Arrays"><a:double>0</a:double><a:double>0</a:double><a:double>0</a:double></Value></Attribute></Attributes><ChildElements/><ElementName>origin</ElementName><required>false</required><RPYAttribute z:Ref="i421"/><XYZAttribute z:Ref="i420"/><isCustomized>false</isCustomized></URDFElement><URDFElement z:Id="i422" i:type="Geometry"><Attributes/><ChildElements><URDFElement z:Id="i423" i:type="Mesh"><Attributes><Attribute z:Id="i424"><AttributeType>filename</AttributeType><IsRequired>true</IsRequired><Value i:nil="true"/></Attribute></Attributes><ChildElements/><ElementName>mesh</ElementName><required>false</required><FilenameAttribute z:Ref="i424"/></URDFElement></ChildElements><ElementName>geometry</ElementName><required>true</required><Mesh z:Ref="i423"/></URDFElement><URDFElement z:Id="i425" i:type="Material"><Attributes><Attribute z:Id="i426"><AttributeType>name</AttributeType><IsRequired>true</IsRequired><Value i:type="a:string" xmlns:a="http://www.w3.org/2001/XMLSchema"/></Attribute></Attributes><ChildElements><URDFElement z:Id="i427" i:type="Color"><Attributes><Attribute z:Id="i428"><AttributeType>rgba</AttributeType><IsRequired>true</IsRequired><Value i:type="a:ArrayOfdouble" xmlns:a="http://schemas.microsoft.com/2003/10/Serialization/Arrays"><a:double>1</a:double><a:double>1</a:double><a:double>1</a:double><a:double>1</a:double></Value></Attribute></Attributes><ChildElements/><ElementName>color</ElementName><required>false</required><RGBAAttribute z:Ref="i428"/></URDFElement><URDFElement z:Id="i429" i:type="Texture"><Attributes><Attribute z:Id="i430"><AttributeType>filename</AttributeType><IsRequired>true</IsRequired><Value i:nil="true"/></Attribute></Attributes><ChildElements/><ElementName>texture</ElementName><required>false</required><FilenameAttribute z:Ref="i430"/><wFilename/></URDFElement></ChildElements><ElementName>material</ElementName><required>false</required><Color z:Ref="i427"/><NameAttribute z:Ref="i426"/><Texture z:Ref="i429"/></URDFElement></ChildElements><ElementName>visual</ElementName><required>false</required><Geometry z:Ref="i422"/><Material z:Ref="i425"/><Origin z:Ref="i419"/></URDFElement><URDFElement z:Id="i431" i:type="Collision"><Attributes/><ChildElements><URDFElement z:Id="i432" i:type="Origin"><Attributes><Attribute z:Id="i433"><AttributeType>xyz</AttributeType><IsRequired>true</IsRequired><Value i:type="a:ArrayOfdouble" xmlns:a="http://schemas.microsoft.com/2003/10/Serialization/Arrays"><a:double>0</a:double><a:double>0</a:double><a:double>0</a:double></Value></Attribute><Attribute z:Id="i434"><AttributeType>rpy</AttributeType><IsRequired>true</IsRequired><Value i:type="a:ArrayOfdouble" xmlns:a="http://schemas.microsoft.com/2003/10/Serialization/Arrays"><a:double>0</a:double><a:double>0</a:double><a:double>0</a:double></Value></Attribute></Attributes><ChildElements/><ElementName>origin</ElementName><required>false</required><RPYAttribute z:Ref="i434"/><XYZAttribute z:Ref="i433"/><isCustomized>false</isCustomized></URDFElement><URDFElement z:Id="i435" i:type="Geometry"><Attributes/><ChildElements><URDFElement z:Id="i436" i:type="Mesh"><Attributes><Attribute z:Id="i437"><AttributeType>filename</AttributeType><IsRequired>true</IsRequired><Value i:nil="true"/></Attribute></Attributes><ChildElements/><ElementName>mesh</ElementName><required>false</required><FilenameAttribute z:Ref="i437"/></URDFElement></ChildElements><ElementName>geometry</ElementName><required>true</required><Mesh z:Ref="i436"/></URDFElement></ChildElements><ElementName>collision</ElementName><required>false</required><Geometry z:Ref="i435"/><Origin z:Ref="i432"/></URDFElement><URDFElement z:Id="i438" i:type="Joint"><Attributes><Attribute z:Id="i439"><AttributeType>name</AttributeType><IsRequired>true</IsRequired><Value i:type="a:string" xmlns:a="http://www.w3.org/2001/XMLSchema">joint6</Value></Attribute><Attribute z:Id="i440"><AttributeType>type</AttributeType><IsRequired>true</IsRequired><Value i:type="a:string" xmlns:a="http://www.w3.org/2001/XMLSchema">revolute</Value></Attribute></Attributes><ChildElements><URDFElement z:Id="i441" i:type="Origin"><Attributes><Attribute z:Id="i442"><AttributeType>xyz</AttributeType><IsRequired>true</IsRequired><Value i:type="a:ArrayOfdouble" xmlns:a="http://schemas.microsoft.com/2003/10/Serialization/Arrays"><a:double>0</a:double><a:double>0</a:double><a:double>0</a:double></Value></Attribute><Attribute z:Id="i443"><AttributeType>rpy</AttributeType><IsRequired>true</IsRequired><Value i:type="a:ArrayOfdouble" xmlns:a="http://schemas.microsoft.com/2003/10/Serialization/Arrays"><a:double>0</a:double><a:double>0</a:double><a:double>0</a:double></Value></Attribute></Attributes><ChildElements/><ElementName>origin</ElementName><required>false</required><RPYAttribute z:Ref="i443"/><XYZAttribute z:Ref="i442"/><isCustomized>false</isCustomized></URDFElement><URDFElement z:Id="i444" i:type="ParentLink"><Attributes><Attribute z:Id="i445"><AttributeType>link</AttributeType><IsRequired>true</IsRequired><Value i:type="a:string" xmlns:a="http://www.w3.org/2001/XMLSchema"/></Attribute></Attributes><ChildElements/><ElementName>parent</ElementName><required>true</required><NameAttribute z:Ref="i445"/></URDFElement><URDFElement z:Id="i446" i:type="ChildLink"><Attributes><Attribute z:Id="i447"><AttributeType>link</AttributeType><IsRequired>true</IsRequired><Value i:type="a:string" xmlns:a="http://www.w3.org/2001/XMLSchema"/></Attribute></Attributes><ChildElements/><ElementName>child</ElementName><required>true</required><NameAttribute z:Ref="i447"/></URDFElement><URDFElement z:Id="i448" i:type="Axis"><Attributes><Attribute z:Id="i449"><AttributeType>xyz</AttributeType><IsRequired>true</IsRequired><Value i:type="a:ArrayOfdouble" xmlns:a="http://schemas.microsoft.com/2003/10/Serialization/Arrays"><a:double>0</a:double><a:double>0</a:double><a:double>0</a:double></Value></Attribute></Attributes><ChildElements/><ElementName>axis</ElementName><required>false</required><XYZAttribute z:Ref="i449"/></URDFElement><URDFElement z:Id="i450" i:type="Limit"><Attributes><Attribute z:Id="i451"><AttributeType>lower</AttributeType><IsRequired>false</IsRequired><Value i:nil="true"/></Attribute><Attribute z:Id="i452"><AttributeType>upper</AttributeType><IsRequired>false</IsRequired><Value i:nil="true"/></Attribute><Attribute z:Id="i453"><AttributeType>effort</AttributeType><IsRequired>true</IsRequired><Value i:nil="true"/></Attribute><Attribute z:Id="i454"><AttributeType>velocity</AttributeType><IsRequired>true</IsRequired><Value i:nil="true"/></Attribute></Attributes><ChildElements/><ElementName>limit</ElementName><required>false</required><EffortAttribute z:Ref="i453"/><LowerAttribute z:Ref="i451"/><UpperAttribute z:Ref="i452"/><VelocityAttribute z:Ref="i454"/></URDFElement><URDFElement z:Id="i455" i:type="Calibration"><Attributes><Attribute z:Id="i456"><AttributeType>rising</AttributeType><IsRequired>false</IsRequired><Value i:nil="true"/></Attribute><Attribute z:Id="i457"><AttributeType>falling</AttributeType><IsRequired>false</IsRequired><Value i:nil="true"/></Attribute></Attributes><ChildElements/><ElementName>calibration</ElementName><required>false</required><FallingAttribute z:Ref="i457"/><RisingAttribute z:Ref="i456"/></URDFElement><URDFElement z:Id="i458" i:type="Dynamics"><Attributes><Attribute z:Id="i459"><AttributeType>damping</AttributeType><IsRequired>false</IsRequired><Value i:nil="true"/></Attribute><Attribute z:Id="i460"><AttributeType>friction</AttributeType><IsRequired>false</IsRequired><Value i:nil="true"/></Attribute></Attributes><ChildElements/><ElementName>dynamics</ElementName><required>false</required><DampingAttribute z:Ref="i459"/><FrictionAttribute z:Ref="i460"/></URDFElement><URDFElement z:Id="i461" i:type="SafetyController"><Attributes><Attribute z:Id="i462"><AttributeType>soft_upper_limit</AttributeType><IsRequired>false</IsRequired><Value i:nil="true"/></Attribute><Attribute z:Id="i463"><AttributeType>soft_lower_limit</AttributeType><IsRequired>false</IsRequired><Value i:nil="true"/></Attribute><Attribute z:Id="i464"><AttributeType>k_position</AttributeType><IsRequired>false</IsRequired><Value i:nil="true"/></Attribute><Attribute z:Id="i465"><AttributeType>k_velocity</AttributeType><IsRequired>true</IsRequired><Value i:nil="true"/></Attribute></Attributes><ChildElements/><ElementName>safety_controller</ElementName><required>false</required><KPositionAttribute z:Ref="i464"/><KVelocityAttribute z:Ref="i465"/><SoftLowerAttribute z:Ref="i463"/><SoftUpperAttribute z:Ref="i462"/></URDFElement><URDFElement z:Id="i466" i:type="Mimic"><Attributes><Attribute z:Id="i467"><AttributeType>joint</AttributeType><IsRequired>true</IsRequired><Value i:nil="true"/></Attribute><Attribute z:Id="i468"><AttributeType>multiplier</AttributeType><IsRequired>false</IsRequired><Value i:nil="true"/></Attribute><Attribute z:Id="i469"><AttributeType>offset</AttributeType><IsRequired>false</IsRequired><Value i:nil="true"/></Attribute></Attributes><ChildElements/><ElementName>mimic</ElementName><required>false</required><JointNameAttribute z:Ref="i467"/><MultiplierAttribute z:Ref="i468"/><OffsetAttribute z:Ref="i469"/></URDFElement></ChildElements><ElementName>joint</ElementName><required>false</required><Axis z:Ref="i448"/><AxisName>?????????6</AxisName><Calibration z:Ref="i455"/><Child z:Ref="i446"/><CoordinateSystemName>?????????6</CoordinateSystemName><Dynamics z:Ref="i458"/><Limit z:Ref="i450"/><Mimic z:Ref="i466"/><NameAttribute z:Ref="i439"/><Origin z:Ref="i441"/><Parent z:Ref="i444"/><Safety z:Ref="i461"/><TypeAttribute z:Ref="i440"/></URDFElement></ChildElements><ElementName>link</ElementName><required>true</required><Children/><Collision z:Ref="i431"/><Inertial z:Ref="i405"/><Joint z:Ref="i438"/><NameAttribute z:Ref="i404"/><Parent z:Ref="i336"/><STLQualityFine>false</STLQualityFine><SWComponentPIDs xmlns:a="http://schemas.microsoft.com/2003/10/Serialization/Arrays"><a:base64Binary>gD4AAAUAAAD//v8OK2fvei0AMQBAAMWITZFTTzEAIAAtACAAb1IsZwQAAAAQAAAAAQAAAAEAAACkAQAA</a:base64Binary></SWComponentPIDs><SWMainComponentPID i:nil="true"/><Visual z:Ref="i418"/><isFixedFrame>false</isFixedFrame><isIncomplete>false</isIncomplete></Link></Children><Collision z:Ref="i364"/><Inertial z:Ref="i338"/><Joint z:Ref="i371"/><NameAttribute z:Ref="i337"/><Parent z:Ref="i269"/><STLQualityFine>false</STLQualityFine><SWComponentPIDs xmlns:a="http://schemas.microsoft.com/2003/10/Serialization/Arrays"><a:base64Binary>gD4AAAUAAAD//v8RNXU6ZzYAlV6nXi0AMQBAAMWITZFTTzEAIAAtACAAb1IsZwQAAAAQAAAAAQAAAAEAAACWAQAA</a:base64Binary><a:base64Binary>gD4AAAUAAAD//v8Rc1GCgl8AmltQWy0AMgBAAMWITZFTTzEAIAAtACAAb1IsZwQAAAAQAAAAAQAAAAEAAACeAQAA</a:base64Binary></SWComponentPIDs><SWMainComponentPID i:nil="true"/><Visual z:Ref="i351"/><isFixedFrame>false</isFixedFrame><isIncomplete>false</isIncomplete></Link></Children><Collision z:Ref="i297"/><Inertial z:Ref="i271"/><Joint z:Ref="i304"/><NameAttribute z:Ref="i270"/><Parent z:Ref="i202"/><STLQualityFine>false</STLQualityFine><SWComponentPIDs xmlns:a="http://schemas.microsoft.com/2003/10/Serialization/Arrays"><a:base64Binary>gD4AAAUAAAD//v8RbABpAG4AawA0AC0AMQBAAMWITZFTTzEAIAAtACAAb1IsZwQAAAAQAAAAAQAAAAEAAACDAQAA</a:base64Binary><a:base64Binary>gD4AAAUAAAD//v8Rc1GCgl8AmltQWy0AMQBAAMWITZFTTzEAIAAtACAAb1IsZwQAAAAQAAAAAQAAAAEAAACKAQAA</a:base64Binary></SWComponentPIDs><SWMainComponentPID i:nil="true"/><Visual z:Ref="i284"/><isFixedFrame>false</isFixedFrame><isIncomplete>false</isIncomplete></Link></Children><Collision z:Ref="i230"/><Inertial z:Ref="i204"/><Joint z:Ref="i237"/><NameAttribute z:Ref="i203"/><Parent z:Ref="i135"/><STLQualityFine>false</STLQualityFine><SWComponentPIDs xmlns:a="http://schemas.microsoft.com/2003/10/Serialization/Arrays"><a:base64Binary>gD4AAAUAAAD//v8RbABpAG4AawAzAC0AMQBAAMWITZFTTzEAIAAtACAAb1IsZwQAAAAQAAAAAQAAAAEAAABrAQAA</a:base64Binary><a:base64Binary>gD4AAAUAAAD//v8Rc1GCgl8AmltQWy0AMwBAAMWITZFTTzEAIAAtACAAb1IsZwQAAAAQAAAAAQAAAAEAAADGAQAA</a:base64Binary><a:base64Binary>gD4AAAUAAAD//v8XbABpAG4AawAzAC0AbQBhAHMAawAgAC0AMQBAAMWITZFTTzEAIAAtACAAb1IsZwQAAAAQAAAAAQAAAAEAAAB4AQAA</a:base64Binary></SWComponentPIDs><SWMainComponentPID i:nil="true"/><Visual z:Ref="i217"/><isFixedFrame>false</isFixedFrame><isIncomplete>false</isIncomplete></Link></Children><Collision z:Ref="i163"/><Inertial z:Ref="i137"/><Joint z:Ref="i170"/><NameAttribute z:Ref="i136"/><Parent z:Ref="i68"/><STLQualityFine>false</STLQualityFine><SWComponentPIDs xmlns:a="http://schemas.microsoft.com/2003/10/Serialization/Arrays"><a:base64Binary>gD4AAAUAAAD//v8RbABpAG4AawAyAC0AMQBAAMWITZFTTzEAIAAtACAAb1IsZwQAAAAQAAAAAQAAAAEAAABZAQAA</a:base64Binary><a:base64Binary>gD4AAAUAAAD//v8SNAAzADQAMACaW1BbLQAzAEAAxYhNkVNPMQAgAC0AIABvUixnBAAAABAAAAABAAAAAQAAAGUBAAA=</a:base64Binary><a:base64Binary>gD4AAAUAAAD//v8WbABpAG4AawAyAC0AbQBhAHMAawAtADEAQADFiE2RU08xACAALQAgAG9SLGcEAAAAEAAAAAEAAAABAAAAYQEAAA==</a:base64Binary></SWComponentPIDs><SWMainComponentPID i:nil="true"/><Visual z:Ref="i150"/><isFixedFrame>false</isFixedFrame><isIncomplete>false</isIncomplete></Link></Children><Collision z:Ref="i96"/><Inertial z:Ref="i70"/><Joint z:Ref="i103"/><NameAttribute z:Ref="i69"/><Parent z:Ref="i1"/><STLQualityFine>false</STLQualityFine><SWComponentPIDs xmlns:a="http://schemas.microsoft.com/2003/10/Serialization/Arrays"><a:base64Binary>gD4AAAUAAAD//v8RNXU6ZzEA+laaWy0AMQBAAMWITZFTTzEAIAAtACAAb1IsZwQAAAAQAAAAAQAAAAEAAABCAQAA</a:base64Binary><a:base64Binary>gD4AAAUAAAD//v8Rc1GCgjEA+laaWy0AMQBAAMWITZFTTzEAIAAtACAAb1IsZwQAAAAQAAAAAQAAAAEAAABJAQAA</a:base64Binary><a:base64Binary>gD4AAAUAAAD//v8QdI8xAApO1nYtADEAQADFiE2RU08xACAALQAgAG9SLGcEAAAAEAAAAAEAAAABAAAA4wAAAA==</a:base64Binary><a:base64Binary>gD4AAAUAAAD//v8W1WxwURr/MwAwAHgANAAyAHgANwAtADEAQADFiE2RU08xACAALQAgAG9SLGcEAAAAEAAAAAEAAAABAAAA7gAAAA==</a:base64Binary><a:base64Binary>gD4AAAUAAAD//v8SNAAzADQAMACaW1BbLQAyAEAAxYhNkVNPMQAgAC0AIABvUixnBAAAABAAAAABAAAAAQAAAOcAAAA=</a:base64Binary></SWComponentPIDs><SWMainComponentPID i:nil="true"/><Visual z:Ref="i83"/><isFixedFrame>false</isFixedFrame><isIncomplete>false</isIncomplete></Link></Children><Collision z:Ref="i29"/><Inertial z:Ref="i3"/><Joint z:Ref="i36"/><NameAttribute z:Ref="i2"/><Parent i:nil="true"/><STLQualityFine>false</STLQualityFine><SWComponentPIDs xmlns:a="http://schemas.microsoft.com/2003/10/Serialization/Arrays"><a:base64Binary>gD4AAAUAAAD//v8OMFd/Zy0AMQBAAMWITZFTTzEAIAAtACAAb1IsZwQAAAAQAAAAAQAAAAEAAADvAQAA</a:base64Binary><a:base64Binary>gD4AAAUAAAD//v8SNAAzADQAMACaW1BbLQA1AEAAxYhNkVNPMQAgAC0AIABvUixnBAAAABAAAAABAAAAAQAAAK4BAAA=</a:base64Binary><a:base64Binary>gD4AAAUAAAD//v8OlV6nXi0AMwBAAMWITZFTTzEAIAAtACAAb1IsZwQAAAAQAAAAAQAAAAEAAAC0AQAA</a:base64Binary><a:base64Binary>gD4AAAUAAAD//v8YlV6nXnSPf2I2ADAAeAA4ADUAeAAxADcALQAzAEAAxYhNkVNPMQAgAC0AIABvUixnBAAAABAAAAABAAAAAQAAAMABAAA=</a:base64Binary></SWComponentPIDs><SWMainComponentPID i:nil="true"/><Visual z:Ref="i16"/><isFixedFrame>false</isFixedFrame><isIncomplete>false</isIncomplete></Link>
2025-11-02 22:46:57,972 INFO  AssemblyExportForm.cs: 309 - Saving URDF package to C:\Users\14357\Downloads\装配体1 - 副本
2025-11-02 22:46:57,973 INFO  ExportHelper.cs: 147 - Beginning the export process
2025-11-02 22:46:57,974 INFO  ExportHelper.cs: 153 - Creating package directories with name 装配体1 - 副本 and save path C:\Users\14357\Downloads
2025-11-02 22:46:59,264 INFO  ExportHelper.cs: 162 - Creating CMakeLists.txt at C:\Users\14357\Downloads\装配体1 - 副本\CMakeLists.txt
2025-11-02 22:46:59,265 INFO  ExportHelper.cs: 166 - Creating joint names config at C:\Users\14357\Downloads\装配体1 - 副本\config\joint_names_装配体1 - 副本.yaml
2025-11-02 22:46:59,266 INFO  ExportHelper.cs: 170 - Creating package.xml at C:\Users\14357\Downloads\装配体1 - 副本\package.xml
2025-11-02 22:46:59,266 INFO  PackageXMLWriter.cs: 21 - Creating package.xml at C:\Users\14357\Downloads\装配体1 - 副本\package.xml
2025-11-02 22:46:59,268 INFO  ExportHelper.cs: 177 - Creating RVIZ launch file in C:\Users\14357\Downloads\装配体1 - 副本\launch\
2025-11-02 22:46:59,269 INFO  ExportHelper.cs: 182 - Creating Gazebo launch file in C:\Users\14357\Downloads\装配体1 - 副本\launch\
2025-11-02 22:46:59,270 INFO  ExportHelper.cs: 187 - Saving existing STL preferences
2025-11-02 22:46:59,271 INFO  ExportHelper.cs: 450 - Saving users preferences
2025-11-02 22:46:59,271 INFO  ExportHelper.cs: 190 - Modifying STL preferences
2025-11-02 22:46:59,271 INFO  ExportHelper.cs: 464 - Setting STL preferences
2025-11-02 22:46:59,275 INFO  ExportHelper.cs: 196 - Found 0 hidden components 
2025-11-02 22:46:59,275 INFO  ExportHelper.cs: 197 - Hiding all components
2025-11-02 22:46:59,614 INFO  ExportHelper.cs: 204 - Beginning individual files export
2025-11-02 22:46:59,616 INFO  ExportHelper.cs: 270 - Exporting link: base_link
2025-11-02 22:46:59,617 INFO  ExportHelper.cs: 272 - Link base_link has 1 children
2025-11-02 22:46:59,618 INFO  ExportHelper.cs: 270 - Exporting link: link1
2025-11-02 22:46:59,618 INFO  ExportHelper.cs: 272 - Link link1 has 1 children
2025-11-02 22:46:59,619 INFO  ExportHelper.cs: 270 - Exporting link: link2
2025-11-02 22:46:59,619 INFO  ExportHelper.cs: 272 - Link link2 has 1 children
2025-11-02 22:46:59,620 INFO  ExportHelper.cs: 270 - Exporting link: link3
2025-11-02 22:46:59,620 INFO  ExportHelper.cs: 272 - Link link3 has 1 children
2025-11-02 22:46:59,621 INFO  ExportHelper.cs: 270 - Exporting link: link4
2025-11-02 22:46:59,621 INFO  ExportHelper.cs: 272 - Link link4 has 1 children
2025-11-02 22:46:59,622 INFO  ExportHelper.cs: 270 - Exporting link: link5
2025-11-02 22:46:59,622 INFO  ExportHelper.cs: 272 - Link link5 has 1 children
2025-11-02 22:46:59,623 INFO  ExportHelper.cs: 270 - Exporting link: link6
2025-11-02 22:46:59,623 INFO  ExportHelper.cs: 272 - Link link6 has 0 children
2025-11-02 22:46:59,623 INFO  ExportHelper.cs: 317 - link6: Exporting STL with coordinate frame 坐标系6
2025-11-02 22:46:59,625 INFO  ExportHelper.cs: 322 - link6: Reference geometry name 
2025-11-02 22:46:59,658 INFO  ExportHelper.cs: 330 - Saving STL to C:\Users\14357\Downloads\装配体1 - 副本\meshes\link6.STL
2025-11-02 22:46:59,792 INFO  ExportHelper.cs: 405 - Removing SW header in STL file
2025-11-02 22:46:59,792 INFO  ExportHelper.cs: 317 - link5: Exporting STL with coordinate frame 坐标系5
2025-11-02 22:46:59,793 INFO  ExportHelper.cs: 322 - link5: Reference geometry name 
2025-11-02 22:46:59,827 INFO  ExportHelper.cs: 330 - Saving STL to C:\Users\14357\Downloads\装配体1 - 副本\meshes\link5.STL
2025-11-02 22:46:59,956 INFO  ExportHelper.cs: 405 - Removing SW header in STL file
2025-11-02 22:46:59,957 INFO  ExportHelper.cs: 317 - link4: Exporting STL with coordinate frame 坐标系4
2025-11-02 22:46:59,957 INFO  ExportHelper.cs: 322 - link4: Reference geometry name 
2025-11-02 22:46:59,997 INFO  ExportHelper.cs: 330 - Saving STL to C:\Users\14357\Downloads\装配体1 - 副本\meshes\link4.STL
2025-11-02 22:47:00,129 INFO  ExportHelper.cs: 405 - Removing SW header in STL file
2025-11-02 22:47:00,129 INFO  ExportHelper.cs: 317 - link3: Exporting STL with coordinate frame 坐标系3
2025-11-02 22:47:00,130 INFO  ExportHelper.cs: 322 - link3: Reference geometry name 
2025-11-02 22:47:00,174 INFO  ExportHelper.cs: 330 - Saving STL to C:\Users\14357\Downloads\装配体1 - 副本\meshes\link3.STL
2025-11-02 22:47:00,314 INFO  ExportHelper.cs: 405 - Removing SW header in STL file
2025-11-02 22:47:00,315 INFO  ExportHelper.cs: 317 - link2: Exporting STL with coordinate frame 坐标系2
2025-11-02 22:47:00,315 INFO  ExportHelper.cs: 322 - link2: Reference geometry name 
2025-11-02 22:47:00,354 INFO  ExportHelper.cs: 330 - Saving STL to C:\Users\14357\Downloads\装配体1 - 副本\meshes\link2.STL
2025-11-02 22:47:00,516 INFO  ExportHelper.cs: 405 - Removing SW header in STL file
2025-11-02 22:47:00,516 INFO  ExportHelper.cs: 317 - link1: Exporting STL with coordinate frame 坐标系0/1
2025-11-02 22:47:00,516 INFO  ExportHelper.cs: 322 - link1: Reference geometry name 
2025-11-02 22:47:00,576 INFO  ExportHelper.cs: 330 - Saving STL to C:\Users\14357\Downloads\装配体1 - 副本\meshes\link1.STL
2025-11-02 22:47:00,813 INFO  ExportHelper.cs: 405 - Removing SW header in STL file
2025-11-02 22:47:00,814 INFO  ExportHelper.cs: 317 - base_link: Exporting STL with coordinate frame 坐标系0/1
2025-11-02 22:47:00,814 INFO  ExportHelper.cs: 322 - base_link: Reference geometry name 
2025-11-02 22:47:00,863 INFO  ExportHelper.cs: 330 - Saving STL to C:\Users\14357\Downloads\装配体1 - 副本\meshes\base_link.STL
2025-11-02 22:47:01,035 INFO  ExportHelper.cs: 405 - Removing SW header in STL file
2025-11-02 22:47:01,036 INFO  ExportHelper.cs: 145 - Showing all components except previously hidden components
2025-11-02 22:47:01,680 INFO  ExportHelper.cs: 145 - Resetting STL preferences
2025-11-02 22:47:01,680 INFO  ExportHelper.cs: 478 - Returning STL preferences to user preferences
2025-11-02 22:47:01,681 INFO  ExportHelper.cs: 228 - Writing URDF file to C:\Users\14357\Downloads\装配体1 - 副本\urdf\装配体1 - 副本.urdf
2025-11-02 22:47:01,744 INFO  CSVImportExport.cs: 32 - Writing CSV file C:\Users\14357\Downloads\装配体1 - 副本\urdf\装配体1 - 副本.csv
2025-11-02 22:47:01,757 ERROR CSVImportExport.cs: 130 - The following columns were not written to the CSV: Link.Joint.ChildLink.link,
2025-11-02 22:47:01,758 ERROR CSVImportExport.cs: 130 - The following columns were not written to the CSV: Link.Joint.ChildLink.link,
2025-11-02 22:47:01,758 ERROR CSVImportExport.cs: 130 - The following columns were not written to the CSV: Link.Joint.ChildLink.link,
2025-11-02 22:47:01,758 ERROR CSVImportExport.cs: 130 - The following columns were not written to the CSV: Link.Joint.ChildLink.link,
2025-11-02 22:47:01,758 ERROR CSVImportExport.cs: 130 - The following columns were not written to the CSV: Link.Joint.ChildLink.link,
2025-11-02 22:47:01,759 ERROR CSVImportExport.cs: 130 - The following columns were not written to the CSV: Link.Joint.ChildLink.link,
2025-11-02 22:47:01,759 ERROR CSVImportExport.cs: 130 - The following columns were not written to the CSV: Link.Joint.ChildLink.link,
2025-11-02 22:47:01,759 INFO  ExportHelper.cs: 234 - Copying log file
2025-11-02 22:47:01,761 INFO  ExportHelper.cs: 439 - Copying C:\Users\14357\sw2urdf_logs\sw2urdf.log to C:\Users\14357\Downloads\装配体1 - 副本\export.log
2025-11-02 22:47:01,762 INFO  ExportHelper.cs: 237 - Resetting STL preferences
2025-11-02 22:47:01,762 INFO  ExportHelper.cs: 478 - Returning STL preferences to user preferences
2025-11-02 23:58:23,088 INFO  SwAddin.cs: 294 - Assembly export called for file 装配体1 - 副本
2025-11-02 23:58:23,089 INFO  SwAddin.cs: 299 - Save is required
2025-11-02 23:58:23,089 INFO  SwAddin.cs: 313 - Saving assembly
2025-11-02 23:58:23,392 INFO  SwAddin.cs: 316 - Opening property manager
2025-11-02 23:58:23,392 INFO  ExportHelperExtension.cs: 1125 - Retrieving features of type [CoordSys] from 装配体1 - 副本
2025-11-02 23:58:23,393 INFO  ExportHelperExtension.cs: 1136 - Found 205 in 装配体1 - 副本
2025-11-02 23:58:23,394 INFO  ExportHelperExtension.cs: 1145 - Found 6 features of type [CoordSys] in 装配体1 - 副本
2025-11-02 23:58:23,394 INFO  ExportHelperExtension.cs: 1148 - Proceeding through assembly components
2025-11-02 23:58:23,394 INFO  ExportHelperExtension.cs: 1160 - 45 components to check
2025-11-02 23:58:23,394 INFO  ExportHelperExtension.cs: 1125 - Retrieving features of type [CoordSys] from 轴1上盖-1
2025-11-02 23:58:23,394 INFO  ExportHelperExtension.cs: 1136 - Found 79 in 轴1上盖-1
2025-11-02 23:58:23,395 INFO  ExportHelperExtension.cs: 1145 - Found 0 features of type [CoordSys] in 轴1上盖-1
2025-11-02 23:58:23,395 INFO  ExportHelperExtension.cs: 1125 - Retrieving features of type [CoordSys] from 4340定子-2
2025-11-02 23:58:23,395 INFO  ExportHelperExtension.cs: 1136 - Found 33 in 4340定子-2
2025-11-02 23:58:23,396 INFO  ExportHelperExtension.cs: 1145 - Found 0 features of type [CoordSys] in 4340定子-2
2025-11-02 23:58:23,396 INFO  ExportHelperExtension.cs: 1125 - Retrieving features of type [CoordSys] from 4340定子-3
2025-11-02 23:58:23,396 INFO  ExportHelperExtension.cs: 1136 - Found 33 in 4340定子-3
2025-11-02 23:58:23,396 INFO  ExportHelperExtension.cs: 1145 - Found 0 features of type [CoordSys] in 4340定子-3
2025-11-02 23:58:23,396 INFO  ExportHelperExtension.cs: 1125 - Retrieving features of type [CoordSys] from link2-1
2025-11-02 23:58:23,397 INFO  ExportHelperExtension.cs: 1136 - Found 72 in link2-1
2025-11-02 23:58:23,397 INFO  ExportHelperExtension.cs: 1145 - Found 0 features of type [CoordSys] in link2-1
2025-11-02 23:58:23,397 INFO  ExportHelperExtension.cs: 1125 - Retrieving features of type [CoordSys] from 4340转子-3
2025-11-02 23:58:23,397 INFO  ExportHelperExtension.cs: 1136 - Found 29 in 4340转子-3
2025-11-02 23:58:23,398 INFO  ExportHelperExtension.cs: 1145 - Found 0 features of type [CoordSys] in 4340转子-3
2025-11-02 23:58:23,398 INFO  ExportHelperExtension.cs: 1125 - Retrieving features of type [CoordSys] from 电机1固定-1
2025-11-02 23:58:23,398 INFO  ExportHelperExtension.cs: 1136 - Found 32 in 电机1固定-1
2025-11-02 23:58:23,398 INFO  ExportHelperExtension.cs: 1145 - Found 0 features of type [CoordSys] in 电机1固定-1
2025-11-02 23:58:23,398 INFO  ExportHelperExtension.cs: 1125 - Retrieving features of type [CoordSys] from 关节1固定-1
2025-11-02 23:58:23,399 INFO  ExportHelperExtension.cs: 1136 - Found 34 in 关节1固定-1
2025-11-02 23:58:23,399 INFO  ExportHelperExtension.cs: 1145 - Found 0 features of type [CoordSys] in 关节1固定-1
2025-11-02 23:58:23,399 INFO  ExportHelperExtension.cs: 1125 - Retrieving features of type [CoordSys] from 法兰：30x42x7-1
2025-11-02 23:58:23,399 INFO  ExportHelperExtension.cs: 1136 - Found 31 in 法兰：30x42x7-1
2025-11-02 23:58:23,399 INFO  ExportHelperExtension.cs: 1145 - Found 0 features of type [CoordSys] in 法兰：30x42x7-1
2025-11-02 23:58:23,400 INFO  ExportHelperExtension.cs: 1125 - Retrieving features of type [CoordSys] from link2-mask-1
2025-11-02 23:58:23,400 INFO  ExportHelperExtension.cs: 1136 - Found 30 in link2-mask-1
2025-11-02 23:58:23,400 INFO  ExportHelperExtension.cs: 1145 - Found 0 features of type [CoordSys] in link2-mask-1
2025-11-02 23:58:23,400 INFO  ExportHelperExtension.cs: 1125 - Retrieving features of type [CoordSys] from link3-1
2025-11-02 23:58:23,401 INFO  ExportHelperExtension.cs: 1136 - Found 50 in link3-1
2025-11-02 23:58:23,401 INFO  ExportHelperExtension.cs: 1145 - Found 0 features of type [CoordSys] in link3-1
2025-11-02 23:58:23,401 INFO  ExportHelperExtension.cs: 1125 - Retrieving features of type [CoordSys] from link3-mask -1
2025-11-02 23:58:23,401 INFO  ExportHelperExtension.cs: 1136 - Found 30 in link3-mask -1
2025-11-02 23:58:23,402 INFO  ExportHelperExtension.cs: 1145 - Found 0 features of type [CoordSys] in link3-mask -1
2025-11-02 23:58:23,402 INFO  ExportHelperExtension.cs: 1125 - Retrieving features of type [CoordSys] from link4-1
2025-11-02 23:58:23,402 INFO  ExportHelperExtension.cs: 1136 - Found 74 in link4-1
2025-11-02 23:58:23,403 INFO  ExportHelperExtension.cs: 1145 - Found 1 features of type [CoordSys] in link4-1
2025-11-02 23:58:23,403 INFO  ExportHelperExtension.cs: 1125 - Retrieving features of type [CoordSys] from 4340转子-2
2025-11-02 23:58:23,403 INFO  ExportHelperExtension.cs: 1136 - Found 29 in 4340转子-2
2025-11-02 23:58:23,403 INFO  ExportHelperExtension.cs: 1145 - Found 0 features of type [CoordSys] in 4340转子-2
2025-11-02 23:58:23,403 INFO  ExportHelperExtension.cs: 1125 - Retrieving features of type [CoordSys] from 电机6底座-1
2025-11-02 23:58:23,404 INFO  ExportHelperExtension.cs: 1136 - Found 55 in 电机6底座-1
2025-11-02 23:58:23,404 INFO  ExportHelperExtension.cs: 1145 - Found 0 features of type [CoordSys] in 电机6底座-1
2025-11-02 23:58:23,404 INFO  ExportHelperExtension.cs: 1125 - Retrieving features of type [CoordSys] from 末端-1
2025-11-02 23:58:23,404 INFO  ExportHelperExtension.cs: 1136 - Found 33 in 末端-1
2025-11-02 23:58:23,405 INFO  ExportHelperExtension.cs: 1145 - Found 0 features of type [CoordSys] in 末端-1
2025-11-02 23:58:23,405 INFO  ExportHelperExtension.cs: 1125 - Retrieving features of type [CoordSys] from 关节_转子-1
2025-11-02 23:58:23,405 INFO  ExportHelperExtension.cs: 1136 - Found 27 in 关节_转子-1
2025-11-02 23:58:23,405 INFO  ExportHelperExtension.cs: 1145 - Found 0 features of type [CoordSys] in 关节_转子-1
2025-11-02 23:58:23,405 INFO  ExportHelperExtension.cs: 1125 - Retrieving features of type [CoordSys] from 关节_定子-3
2025-11-02 23:58:23,406 INFO  ExportHelperExtension.cs: 1136 - Found 40 in 关节_定子-3
2025-11-02 23:58:23,406 INFO  ExportHelperExtension.cs: 1145 - Found 0 features of type [CoordSys] in 关节_定子-3
2025-11-02 23:58:23,406 INFO  ExportHelperExtension.cs: 1125 - Retrieving features of type [CoordSys] from m3X10-1
2025-11-02 23:58:23,406 INFO  ExportHelperExtension.cs: 1136 - Found 29 in m3X10-1
2025-11-02 23:58:23,407 INFO  ExportHelperExtension.cs: 1145 - Found 0 features of type [CoordSys] in m3X10-1
2025-11-02 23:58:23,407 INFO  ExportHelperExtension.cs: 1125 - Retrieving features of type [CoordSys] from 地板-1
2025-11-02 23:58:23,407 INFO  ExportHelperExtension.cs: 1136 - Found 35 in 地板-1
2025-11-02 23:58:23,407 INFO  ExportHelperExtension.cs: 1145 - Found 0 features of type [CoordSys] in 地板-1
2025-11-02 23:58:23,407 INFO  ExportHelperExtension.cs: 1125 - Retrieving features of type [CoordSys] from 关节_转子-3
2025-11-02 23:58:23,408 INFO  ExportHelperExtension.cs: 1136 - Found 27 in 关节_转子-3
2025-11-02 23:58:23,408 INFO  ExportHelperExtension.cs: 1145 - Found 0 features of type [CoordSys] in 关节_转子-3
2025-11-02 23:58:23,408 INFO  ExportHelperExtension.cs: 1125 - Retrieving features of type [CoordSys] from m3X45-1
2025-11-02 23:58:23,408 INFO  ExportHelperExtension.cs: 1136 - Found 29 in m3X45-1
2025-11-02 23:58:23,409 INFO  ExportHelperExtension.cs: 1145 - Found 0 features of type [CoordSys] in m3X45-1
2025-11-02 23:58:23,409 INFO  ExportHelperExtension.cs: 1125 - Retrieving features of type [CoordSys] from 关节_定子-1
2025-11-02 23:58:23,409 INFO  ExportHelperExtension.cs: 1136 - Found 40 in 关节_定子-1
2025-11-02 23:58:23,409 INFO  ExportHelperExtension.cs: 1145 - Found 0 features of type [CoordSys] in 关节_定子-1
2025-11-02 23:58:23,409 INFO  ExportHelperExtension.cs: 1125 - Retrieving features of type [CoordSys] from 4340定子-5
2025-11-02 23:58:23,410 INFO  ExportHelperExtension.cs: 1136 - Found 33 in 4340定子-5
2025-11-02 23:58:23,410 INFO  ExportHelperExtension.cs: 1145 - Found 0 features of type [CoordSys] in 4340定子-5
2025-11-02 23:58:23,410 INFO  ExportHelperExtension.cs: 1125 - Retrieving features of type [CoordSys] from 底座-3
2025-11-02 23:58:23,410 INFO  ExportHelperExtension.cs: 1136 - Found 51 in 底座-3
2025-11-02 23:58:23,410 INFO  ExportHelperExtension.cs: 1145 - Found 0 features of type [CoordSys] in 底座-3
2025-11-02 23:58:23,411 INFO  ExportHelperExtension.cs: 1125 - Retrieving features of type [CoordSys] from 关节_定子-2
2025-11-02 23:58:23,411 INFO  ExportHelperExtension.cs: 1136 - Found 40 in 关节_定子-2
2025-11-02 23:58:23,411 INFO  ExportHelperExtension.cs: 1145 - Found 0 features of type [CoordSys] in 关节_定子-2
2025-11-02 23:58:23,411 INFO  ExportHelperExtension.cs: 1125 - Retrieving features of type [CoordSys] from 关节_转子-2
2025-11-02 23:58:23,411 INFO  ExportHelperExtension.cs: 1136 - Found 27 in 关节_转子-2
2025-11-02 23:58:23,412 INFO  ExportHelperExtension.cs: 1145 - Found 0 features of type [CoordSys] in 关节_转子-2
2025-11-02 23:58:23,412 INFO  ExportHelperExtension.cs: 1125 - Retrieving features of type [CoordSys] from 底座轴承60x85x17-3
2025-11-02 23:58:23,412 INFO  ExportHelperExtension.cs: 1136 - Found 27 in 底座轴承60x85x17-3
2025-11-02 23:58:23,412 INFO  ExportHelperExtension.cs: 1145 - Found 0 features of type [CoordSys] in 底座轴承60x85x17-3
2025-11-02 23:58:23,412 INFO  ExportHelperExtension.cs: 1125 - Retrieving features of type [CoordSys] from 4340转子-5
2025-11-02 23:58:23,413 INFO  ExportHelperExtension.cs: 1136 - Found 29 in 4340转子-5
2025-11-02 23:58:23,413 INFO  ExportHelperExtension.cs: 1145 - Found 0 features of type [CoordSys] in 4340转子-5
2025-11-02 23:58:23,413 INFO  ExportHelperExtension.cs: 1125 - Retrieving features of type [CoordSys] from m3X50-2
2025-11-02 23:58:23,413 INFO  ExportHelperExtension.cs: 1136 - Found 29 in m3X50-2
2025-11-02 23:58:23,414 INFO  ExportHelperExtension.cs: 1145 - Found 0 features of type [CoordSys] in m3X50-2
2025-11-02 23:58:23,414 INFO  ExportHelperExtension.cs: 1125 - Retrieving features of type [CoordSys] from m3X10-2
2025-11-02 23:58:23,414 INFO  ExportHelperExtension.cs: 1136 - Found 29 in m3X10-2
2025-11-02 23:58:23,414 INFO  ExportHelperExtension.cs: 1145 - Found 0 features of type [CoordSys] in m3X10-2
2025-11-02 23:58:23,414 INFO  ExportHelperExtension.cs: 1125 - Retrieving features of type [CoordSys] from m3X35-1
2025-11-02 23:58:23,415 INFO  ExportHelperExtension.cs: 1136 - Found 29 in m3X35-1
2025-11-02 23:58:23,415 INFO  ExportHelperExtension.cs: 1145 - Found 0 features of type [CoordSys] in m3X35-1
2025-11-02 23:58:23,415 INFO  ExportHelperExtension.cs: 1125 - Retrieving features of type [CoordSys] from m3X50-1
2025-11-02 23:58:23,415 INFO  ExportHelperExtension.cs: 1136 - Found 29 in m3X50-1
2025-11-02 23:58:23,416 INFO  ExportHelperExtension.cs: 1145 - Found 0 features of type [CoordSys] in m3X50-1
2025-11-02 23:58:23,416 INFO  ExportHelperExtension.cs: 1125 - Retrieving features of type [CoordSys] from m3X25-2
2025-11-02 23:58:23,416 INFO  ExportHelperExtension.cs: 1136 - Found 29 in m3X25-2
2025-11-02 23:58:23,416 INFO  ExportHelperExtension.cs: 1145 - Found 0 features of type [CoordSys] in m3X25-2
2025-11-02 23:58:23,416 INFO  ExportHelperExtension.cs: 1125 - Retrieving features of type [CoordSys] from m3X20-2
2025-11-02 23:58:23,417 INFO  ExportHelperExtension.cs: 1136 - Found 29 in m3X20-2
2025-11-02 23:58:23,417 INFO  ExportHelperExtension.cs: 1145 - Found 0 features of type [CoordSys] in m3X20-2
2025-11-02 23:58:23,417 INFO  ExportHelperExtension.cs: 1125 - Retrieving features of type [CoordSys] from m3X25-1
2025-11-02 23:58:23,417 INFO  ExportHelperExtension.cs: 1136 - Found 29 in m3X25-1
2025-11-02 23:58:23,417 INFO  ExportHelperExtension.cs: 1145 - Found 0 features of type [CoordSys] in m3X25-1
2025-11-02 23:58:23,418 INFO  ExportHelperExtension.cs: 1125 - Retrieving features of type [CoordSys] from m3X20-1
2025-11-02 23:58:23,418 INFO  ExportHelperExtension.cs: 1136 - Found 29 in m3X20-1
2025-11-02 23:58:23,418 INFO  ExportHelperExtension.cs: 1145 - Found 0 features of type [CoordSys] in m3X20-1
2025-11-02 23:58:23,418 INFO  ExportHelperExtension.cs: 1125 - Retrieving features of type [CoordSys] from m3X20-3
2025-11-02 23:58:23,418 INFO  ExportHelperExtension.cs: 1136 - Found 29 in m3X20-3
2025-11-02 23:58:23,419 INFO  ExportHelperExtension.cs: 1145 - Found 0 features of type [CoordSys] in m3X20-3
2025-11-02 23:58:23,419 INFO  ExportHelperExtension.cs: 1125 - Retrieving features of type [CoordSys] from m3X10-4
2025-11-02 23:58:23,419 INFO  ExportHelperExtension.cs: 1136 - Found 29 in m3X10-4
2025-11-02 23:58:23,419 INFO  ExportHelperExtension.cs: 1145 - Found 0 features of type [CoordSys] in m3X10-4
2025-11-02 23:58:23,419 INFO  ExportHelperExtension.cs: 1125 - Retrieving features of type [CoordSys] from m3X20-4
2025-11-02 23:58:23,419 INFO  ExportHelperExtension.cs: 1136 - Found 29 in m3X20-4
2025-11-02 23:58:23,420 INFO  ExportHelperExtension.cs: 1145 - Found 0 features of type [CoordSys] in m3X20-4
2025-11-02 23:58:23,420 INFO  ExportHelperExtension.cs: 1125 - Retrieving features of type [CoordSys] from m3X25-3
2025-11-02 23:58:23,420 INFO  ExportHelperExtension.cs: 1136 - Found 29 in m3X25-3
2025-11-02 23:58:23,420 INFO  ExportHelperExtension.cs: 1145 - Found 0 features of type [CoordSys] in m3X25-3
2025-11-02 23:58:23,420 INFO  ExportHelperExtension.cs: 1125 - Retrieving features of type [CoordSys] from m3X10-7
2025-11-02 23:58:23,421 INFO  ExportHelperExtension.cs: 1136 - Found 29 in m3X10-7
2025-11-02 23:58:23,421 INFO  ExportHelperExtension.cs: 1145 - Found 0 features of type [CoordSys] in m3X10-7
2025-11-02 23:58:23,421 INFO  ExportHelperExtension.cs: 1125 - Retrieving features of type [CoordSys] from m3X10-6
2025-11-02 23:58:23,421 INFO  ExportHelperExtension.cs: 1136 - Found 29 in m3X10-6
2025-11-02 23:58:23,421 INFO  ExportHelperExtension.cs: 1145 - Found 0 features of type [CoordSys] in m3X10-6
2025-11-02 23:58:23,422 INFO  ExportHelperExtension.cs: 1125 - Retrieving features of type [CoordSys] from m3X20-5
2025-11-02 23:58:23,422 INFO  ExportHelperExtension.cs: 1136 - Found 29 in m3X20-5
2025-11-02 23:58:23,422 INFO  ExportHelperExtension.cs: 1145 - Found 0 features of type [CoordSys] in m3X20-5
2025-11-02 23:58:23,422 INFO  ExportHelperExtension.cs: 1125 - Retrieving features of type [CoordSys] from m3X10-3
2025-11-02 23:58:23,422 INFO  ExportHelperExtension.cs: 1136 - Found 29 in m3X10-3
2025-11-02 23:58:23,425 INFO  ExportHelperExtension.cs: 1145 - Found 0 features of type [CoordSys] in m3X10-3
2025-11-02 23:58:23,425 INFO  ExportHelperExtension.cs: 1125 - Retrieving features of type [CoordSys] from m3X10-5
2025-11-02 23:58:23,426 INFO  ExportHelperExtension.cs: 1136 - Found 29 in m3X10-5
2025-11-02 23:58:23,426 INFO  ExportHelperExtension.cs: 1145 - Found 0 features of type [CoordSys] in m3X10-5
2025-11-02 23:58:23,426 INFO  ExportHelperExtension.cs: 1125 - Retrieving features of type [RefAxis] from 装配体1 - 副本
2025-11-02 23:58:23,426 INFO  ExportHelperExtension.cs: 1136 - Found 205 in 装配体1 - 副本
2025-11-02 23:58:23,427 INFO  ExportHelperExtension.cs: 1145 - Found 11 features of type [RefAxis] in 装配体1 - 副本
2025-11-02 23:58:23,427 INFO  ExportHelperExtension.cs: 1148 - Proceeding through assembly components
2025-11-02 23:58:23,427 INFO  ExportHelperExtension.cs: 1160 - 45 components to check
2025-11-02 23:58:23,427 INFO  ExportHelperExtension.cs: 1125 - Retrieving features of type [RefAxis] from 轴1上盖-1
2025-11-02 23:58:23,520 INFO  ExportHelperExtension.cs: 1136 - Found 79 in 轴1上盖-1
2025-11-02 23:58:23,521 INFO  ExportHelperExtension.cs: 1145 - Found 0 features of type [RefAxis] in 轴1上盖-1
2025-11-02 23:58:23,521 INFO  ExportHelperExtension.cs: 1125 - Retrieving features of type [RefAxis] from 4340定子-2
2025-11-02 23:58:23,522 INFO  ExportHelperExtension.cs: 1136 - Found 33 in 4340定子-2
2025-11-02 23:58:23,522 INFO  ExportHelperExtension.cs: 1145 - Found 0 features of type [RefAxis] in 4340定子-2
2025-11-02 23:58:23,522 INFO  ExportHelperExtension.cs: 1125 - Retrieving features of type [RefAxis] from 4340定子-3
2025-11-02 23:58:23,522 INFO  ExportHelperExtension.cs: 1136 - Found 33 in 4340定子-3
2025-11-02 23:58:23,523 INFO  ExportHelperExtension.cs: 1145 - Found 0 features of type [RefAxis] in 4340定子-3
2025-11-02 23:58:23,523 INFO  ExportHelperExtension.cs: 1125 - Retrieving features of type [RefAxis] from link2-1
2025-11-02 23:58:23,523 INFO  ExportHelperExtension.cs: 1136 - Found 72 in link2-1
2025-11-02 23:58:23,523 INFO  ExportHelperExtension.cs: 1145 - Found 0 features of type [RefAxis] in link2-1
2025-11-02 23:58:23,524 INFO  ExportHelperExtension.cs: 1125 - Retrieving features of type [RefAxis] from 4340转子-3
2025-11-02 23:58:23,524 INFO  ExportHelperExtension.cs: 1136 - Found 29 in 4340转子-3
2025-11-02 23:58:23,524 INFO  ExportHelperExtension.cs: 1145 - Found 0 features of type [RefAxis] in 4340转子-3
2025-11-02 23:58:23,524 INFO  ExportHelperExtension.cs: 1125 - Retrieving features of type [RefAxis] from 电机1固定-1
2025-11-02 23:58:23,524 INFO  ExportHelperExtension.cs: 1136 - Found 32 in 电机1固定-1
2025-11-02 23:58:23,525 INFO  ExportHelperExtension.cs: 1145 - Found 0 features of type [RefAxis] in 电机1固定-1
2025-11-02 23:58:23,525 INFO  ExportHelperExtension.cs: 1125 - Retrieving features of type [RefAxis] from 关节1固定-1
2025-11-02 23:58:23,525 INFO  ExportHelperExtension.cs: 1136 - Found 34 in 关节1固定-1
2025-11-02 23:58:23,525 INFO  ExportHelperExtension.cs: 1145 - Found 0 features of type [RefAxis] in 关节1固定-1
2025-11-02 23:58:23,525 INFO  ExportHelperExtension.cs: 1125 - Retrieving features of type [RefAxis] from 法兰：30x42x7-1
2025-11-02 23:58:23,526 INFO  ExportHelperExtension.cs: 1136 - Found 31 in 法兰：30x42x7-1
2025-11-02 23:58:23,526 INFO  ExportHelperExtension.cs: 1145 - Found 0 features of type [RefAxis] in 法兰：30x42x7-1
2025-11-02 23:58:23,526 INFO  ExportHelperExtension.cs: 1125 - Retrieving features of type [RefAxis] from link2-mask-1
2025-11-02 23:58:23,526 INFO  ExportHelperExtension.cs: 1136 - Found 30 in link2-mask-1
2025-11-02 23:58:23,526 INFO  ExportHelperExtension.cs: 1145 - Found 0 features of type [RefAxis] in link2-mask-1
2025-11-02 23:58:23,527 INFO  ExportHelperExtension.cs: 1125 - Retrieving features of type [RefAxis] from link3-1
2025-11-02 23:58:23,527 INFO  ExportHelperExtension.cs: 1136 - Found 50 in link3-1
2025-11-02 23:58:23,527 INFO  ExportHelperExtension.cs: 1145 - Found 0 features of type [RefAxis] in link3-1
2025-11-02 23:58:23,527 INFO  ExportHelperExtension.cs: 1125 - Retrieving features of type [RefAxis] from link3-mask -1
2025-11-02 23:58:23,528 INFO  ExportHelperExtension.cs: 1136 - Found 30 in link3-mask -1
2025-11-02 23:58:23,528 INFO  ExportHelperExtension.cs: 1145 - Found 0 features of type [RefAxis] in link3-mask -1
2025-11-02 23:58:23,528 INFO  ExportHelperExtension.cs: 1125 - Retrieving features of type [RefAxis] from link4-1
2025-11-02 23:58:23,528 INFO  ExportHelperExtension.cs: 1136 - Found 74 in link4-1
2025-11-02 23:58:23,529 INFO  ExportHelperExtension.cs: 1145 - Found 0 features of type [RefAxis] in link4-1
2025-11-02 23:58:23,529 INFO  ExportHelperExtension.cs: 1125 - Retrieving features of type [RefAxis] from 4340转子-2
2025-11-02 23:58:23,529 INFO  ExportHelperExtension.cs: 1136 - Found 29 in 4340转子-2
2025-11-02 23:58:23,529 INFO  ExportHelperExtension.cs: 1145 - Found 0 features of type [RefAxis] in 4340转子-2
2025-11-02 23:58:23,529 INFO  ExportHelperExtension.cs: 1125 - Retrieving features of type [RefAxis] from 电机6底座-1
2025-11-02 23:58:23,530 INFO  ExportHelperExtension.cs: 1136 - Found 55 in 电机6底座-1
2025-11-02 23:58:23,530 INFO  ExportHelperExtension.cs: 1145 - Found 0 features of type [RefAxis] in 电机6底座-1
2025-11-02 23:58:23,530 INFO  ExportHelperExtension.cs: 1125 - Retrieving features of type [RefAxis] from 末端-1
2025-11-02 23:58:23,530 INFO  ExportHelperExtension.cs: 1136 - Found 33 in 末端-1
2025-11-02 23:58:23,530 INFO  ExportHelperExtension.cs: 1145 - Found 0 features of type [RefAxis] in 末端-1
2025-11-02 23:58:23,531 INFO  ExportHelperExtension.cs: 1125 - Retrieving features of type [RefAxis] from 关节_转子-1
2025-11-02 23:58:23,531 INFO  ExportHelperExtension.cs: 1136 - Found 27 in 关节_转子-1
2025-11-02 23:58:23,531 INFO  ExportHelperExtension.cs: 1145 - Found 0 features of type [RefAxis] in 关节_转子-1
2025-11-02 23:58:23,531 INFO  ExportHelperExtension.cs: 1125 - Retrieving features of type [RefAxis] from 关节_定子-3
2025-11-02 23:58:23,531 INFO  ExportHelperExtension.cs: 1136 - Found 40 in 关节_定子-3
2025-11-02 23:58:23,532 INFO  ExportHelperExtension.cs: 1145 - Found 1 features of type [RefAxis] in 关节_定子-3
2025-11-02 23:58:23,532 INFO  ExportHelperExtension.cs: 1125 - Retrieving features of type [RefAxis] from m3X10-1
2025-11-02 23:58:23,532 INFO  ExportHelperExtension.cs: 1136 - Found 29 in m3X10-1
2025-11-02 23:58:23,532 INFO  ExportHelperExtension.cs: 1145 - Found 0 features of type [RefAxis] in m3X10-1
2025-11-02 23:58:23,532 INFO  ExportHelperExtension.cs: 1125 - Retrieving features of type [RefAxis] from 地板-1
2025-11-02 23:58:23,533 INFO  ExportHelperExtension.cs: 1136 - Found 35 in 地板-1
2025-11-02 23:58:23,533 INFO  ExportHelperExtension.cs: 1145 - Found 0 features of type [RefAxis] in 地板-1
2025-11-02 23:58:23,533 INFO  ExportHelperExtension.cs: 1125 - Retrieving features of type [RefAxis] from 关节_转子-3
2025-11-02 23:58:23,533 INFO  ExportHelperExtension.cs: 1136 - Found 27 in 关节_转子-3
2025-11-02 23:58:23,534 INFO  ExportHelperExtension.cs: 1145 - Found 0 features of type [RefAxis] in 关节_转子-3
2025-11-02 23:58:23,534 INFO  ExportHelperExtension.cs: 1125 - Retrieving features of type [RefAxis] from m3X45-1
2025-11-02 23:58:23,534 INFO  ExportHelperExtension.cs: 1136 - Found 29 in m3X45-1
2025-11-02 23:58:23,534 INFO  ExportHelperExtension.cs: 1145 - Found 0 features of type [RefAxis] in m3X45-1
2025-11-02 23:58:23,534 INFO  ExportHelperExtension.cs: 1125 - Retrieving features of type [RefAxis] from 关节_定子-1
2025-11-02 23:58:23,534 INFO  ExportHelperExtension.cs: 1136 - Found 40 in 关节_定子-1
2025-11-02 23:58:23,535 INFO  ExportHelperExtension.cs: 1145 - Found 1 features of type [RefAxis] in 关节_定子-1
2025-11-02 23:58:23,535 INFO  ExportHelperExtension.cs: 1125 - Retrieving features of type [RefAxis] from 4340定子-5
2025-11-02 23:58:23,535 INFO  ExportHelperExtension.cs: 1136 - Found 33 in 4340定子-5
2025-11-02 23:58:23,535 INFO  ExportHelperExtension.cs: 1145 - Found 0 features of type [RefAxis] in 4340定子-5
2025-11-02 23:58:23,536 INFO  ExportHelperExtension.cs: 1125 - Retrieving features of type [RefAxis] from 底座-3
2025-11-02 23:58:23,536 INFO  ExportHelperExtension.cs: 1136 - Found 51 in 底座-3
2025-11-02 23:58:23,536 INFO  ExportHelperExtension.cs: 1145 - Found 0 features of type [RefAxis] in 底座-3
2025-11-02 23:58:23,536 INFO  ExportHelperExtension.cs: 1125 - Retrieving features of type [RefAxis] from 关节_定子-2
2025-11-02 23:58:23,536 INFO  ExportHelperExtension.cs: 1136 - Found 40 in 关节_定子-2
2025-11-02 23:58:23,537 INFO  ExportHelperExtension.cs: 1145 - Found 1 features of type [RefAxis] in 关节_定子-2
2025-11-02 23:58:23,537 INFO  ExportHelperExtension.cs: 1125 - Retrieving features of type [RefAxis] from 关节_转子-2
2025-11-02 23:58:23,537 INFO  ExportHelperExtension.cs: 1136 - Found 27 in 关节_转子-2
2025-11-02 23:58:23,537 INFO  ExportHelperExtension.cs: 1145 - Found 0 features of type [RefAxis] in 关节_转子-2
2025-11-02 23:58:23,538 INFO  ExportHelperExtension.cs: 1125 - Retrieving features of type [RefAxis] from 底座轴承60x85x17-3
2025-11-02 23:58:23,538 INFO  ExportHelperExtension.cs: 1136 - Found 27 in 底座轴承60x85x17-3
2025-11-02 23:58:23,538 INFO  ExportHelperExtension.cs: 1145 - Found 0 features of type [RefAxis] in 底座轴承60x85x17-3
2025-11-02 23:58:23,538 INFO  ExportHelperExtension.cs: 1125 - Retrieving features of type [RefAxis] from 4340转子-5
2025-11-02 23:58:23,538 INFO  ExportHelperExtension.cs: 1136 - Found 29 in 4340转子-5
2025-11-02 23:58:23,539 INFO  ExportHelperExtension.cs: 1145 - Found 0 features of type [RefAxis] in 4340转子-5
2025-11-02 23:58:23,539 INFO  ExportHelperExtension.cs: 1125 - Retrieving features of type [RefAxis] from m3X50-2
2025-11-02 23:58:23,539 INFO  ExportHelperExtension.cs: 1136 - Found 29 in m3X50-2
2025-11-02 23:58:23,539 INFO  ExportHelperExtension.cs: 1145 - Found 0 features of type [RefAxis] in m3X50-2
2025-11-02 23:58:23,539 INFO  ExportHelperExtension.cs: 1125 - Retrieving features of type [RefAxis] from m3X10-2
2025-11-02 23:58:23,540 INFO  ExportHelperExtension.cs: 1136 - Found 29 in m3X10-2
2025-11-02 23:58:23,540 INFO  ExportHelperExtension.cs: 1145 - Found 0 features of type [RefAxis] in m3X10-2
2025-11-02 23:58:23,540 INFO  ExportHelperExtension.cs: 1125 - Retrieving features of type [RefAxis] from m3X35-1
2025-11-02 23:58:23,540 INFO  ExportHelperExtension.cs: 1136 - Found 29 in m3X35-1
2025-11-02 23:58:23,540 INFO  ExportHelperExtension.cs: 1145 - Found 0 features of type [RefAxis] in m3X35-1
2025-11-02 23:58:23,540 INFO  ExportHelperExtension.cs: 1125 - Retrieving features of type [RefAxis] from m3X50-1
2025-11-02 23:58:23,541 INFO  ExportHelperExtension.cs: 1136 - Found 29 in m3X50-1
2025-11-02 23:58:23,541 INFO  ExportHelperExtension.cs: 1145 - Found 0 features of type [RefAxis] in m3X50-1
2025-11-02 23:58:23,541 INFO  ExportHelperExtension.cs: 1125 - Retrieving features of type [RefAxis] from m3X25-2
2025-11-02 23:58:23,541 INFO  ExportHelperExtension.cs: 1136 - Found 29 in m3X25-2
2025-11-02 23:58:23,541 INFO  ExportHelperExtension.cs: 1145 - Found 0 features of type [RefAxis] in m3X25-2
2025-11-02 23:58:23,542 INFO  ExportHelperExtension.cs: 1125 - Retrieving features of type [RefAxis] from m3X20-2
2025-11-02 23:58:23,542 INFO  ExportHelperExtension.cs: 1136 - Found 29 in m3X20-2
2025-11-02 23:58:23,542 INFO  ExportHelperExtension.cs: 1145 - Found 0 features of type [RefAxis] in m3X20-2
2025-11-02 23:58:23,542 INFO  ExportHelperExtension.cs: 1125 - Retrieving features of type [RefAxis] from m3X25-1
2025-11-02 23:58:23,542 INFO  ExportHelperExtension.cs: 1136 - Found 29 in m3X25-1
2025-11-02 23:58:23,543 INFO  ExportHelperExtension.cs: 1145 - Found 0 features of type [RefAxis] in m3X25-1
2025-11-02 23:58:23,543 INFO  ExportHelperExtension.cs: 1125 - Retrieving features of type [RefAxis] from m3X20-1
2025-11-02 23:58:23,543 INFO  ExportHelperExtension.cs: 1136 - Found 29 in m3X20-1
2025-11-02 23:58:23,543 INFO  ExportHelperExtension.cs: 1145 - Found 0 features of type [RefAxis] in m3X20-1
2025-11-02 23:58:23,543 INFO  ExportHelperExtension.cs: 1125 - Retrieving features of type [RefAxis] from m3X20-3
2025-11-02 23:58:23,544 INFO  ExportHelperExtension.cs: 1136 - Found 29 in m3X20-3
2025-11-02 23:58:23,544 INFO  ExportHelperExtension.cs: 1145 - Found 0 features of type [RefAxis] in m3X20-3
2025-11-02 23:58:23,544 INFO  ExportHelperExtension.cs: 1125 - Retrieving features of type [RefAxis] from m3X10-4
2025-11-02 23:58:23,544 INFO  ExportHelperExtension.cs: 1136 - Found 29 in m3X10-4
2025-11-02 23:58:23,545 INFO  ExportHelperExtension.cs: 1145 - Found 0 features of type [RefAxis] in m3X10-4
2025-11-02 23:58:23,545 INFO  ExportHelperExtension.cs: 1125 - Retrieving features of type [RefAxis] from m3X20-4
2025-11-02 23:58:23,545 INFO  ExportHelperExtension.cs: 1136 - Found 29 in m3X20-4
2025-11-02 23:58:23,545 INFO  ExportHelperExtension.cs: 1145 - Found 0 features of type [RefAxis] in m3X20-4
2025-11-02 23:58:23,545 INFO  ExportHelperExtension.cs: 1125 - Retrieving features of type [RefAxis] from m3X25-3
2025-11-02 23:58:23,546 INFO  ExportHelperExtension.cs: 1136 - Found 29 in m3X25-3
2025-11-02 23:58:23,546 INFO  ExportHelperExtension.cs: 1145 - Found 0 features of type [RefAxis] in m3X25-3
2025-11-02 23:58:23,546 INFO  ExportHelperExtension.cs: 1125 - Retrieving features of type [RefAxis] from m3X10-7
2025-11-02 23:58:23,546 INFO  ExportHelperExtension.cs: 1136 - Found 29 in m3X10-7
2025-11-02 23:58:23,546 INFO  ExportHelperExtension.cs: 1145 - Found 0 features of type [RefAxis] in m3X10-7
2025-11-02 23:58:23,547 INFO  ExportHelperExtension.cs: 1125 - Retrieving features of type [RefAxis] from m3X10-6
2025-11-02 23:58:23,547 INFO  ExportHelperExtension.cs: 1136 - Found 29 in m3X10-6
2025-11-02 23:58:23,547 INFO  ExportHelperExtension.cs: 1145 - Found 0 features of type [RefAxis] in m3X10-6
2025-11-02 23:58:23,547 INFO  ExportHelperExtension.cs: 1125 - Retrieving features of type [RefAxis] from m3X20-5
2025-11-02 23:58:23,547 INFO  ExportHelperExtension.cs: 1136 - Found 29 in m3X20-5
2025-11-02 23:58:23,548 INFO  ExportHelperExtension.cs: 1145 - Found 0 features of type [RefAxis] in m3X20-5
2025-11-02 23:58:23,548 INFO  ExportHelperExtension.cs: 1125 - Retrieving features of type [RefAxis] from m3X10-3
2025-11-02 23:58:23,548 INFO  ExportHelperExtension.cs: 1136 - Found 29 in m3X10-3
2025-11-02 23:58:23,548 INFO  ExportHelperExtension.cs: 1145 - Found 0 features of type [RefAxis] in m3X10-3
2025-11-02 23:58:23,548 INFO  ExportHelperExtension.cs: 1125 - Retrieving features of type [RefAxis] from m3X10-5
2025-11-02 23:58:23,548 INFO  ExportHelperExtension.cs: 1136 - Found 29 in m3X10-5
2025-11-02 23:58:23,548 INFO  ExportHelperExtension.cs: 1145 - Found 0 features of type [RefAxis] in m3X10-5
2025-11-02 23:58:23,744 INFO  SwAddin.cs: 339 - Loading config tree
2025-11-02 23:58:23,745 INFO  ExportPropertyManagerExtension.cs: 520 - Starting new configuration
2025-11-02 23:58:23,748 INFO  SwAddin.cs: 344 - Showing property manager
2025-11-02 23:58:27,116 INFO  ExportPropertyManager.cs: 1018 - OnComboboxSelectionChanged called. This method no longer throws an Exception. It just silently does nothing. Ok, except for this logging message
2025-11-02 23:58:39,037 INFO  ExportPropertyManager.cs: 1136 - OnNumberBoxTrackingCompleted called. This method no longer throws an Exception. It just silently does nothing. Ok, except for this logging message
2025-11-02 23:58:50,725 INFO  ExportPropertyManager.cs: 1018 - OnComboboxSelectionChanged called. This method no longer throws an Exception. It just silently does nothing. Ok, except for this logging message
2025-11-02 23:58:52,137 INFO  ExportPropertyManager.cs: 1018 - OnComboboxSelectionChanged called. This method no longer throws an Exception. It just silently does nothing. Ok, except for this logging message
2025-11-02 23:58:53,967 INFO  ExportPropertyManager.cs: 1018 - OnComboboxSelectionChanged called. This method no longer throws an Exception. It just silently does nothing. Ok, except for this logging message
2025-11-02 23:59:02,977 INFO  ExportPropertyManager.cs: 1136 - OnNumberBoxTrackingCompleted called. This method no longer throws an Exception. It just silently does nothing. Ok, except for this logging message
2025-11-02 23:59:15,392 INFO  ExportPropertyManager.cs: 1018 - OnComboboxSelectionChanged called. This method no longer throws an Exception. It just silently does nothing. Ok, except for this logging message
2025-11-02 23:59:17,186 INFO  ExportPropertyManager.cs: 1018 - OnComboboxSelectionChanged called. This method no longer throws an Exception. It just silently does nothing. Ok, except for this logging message
2025-11-02 23:59:18,614 INFO  ExportPropertyManager.cs: 1018 - OnComboboxSelectionChanged called. This method no longer throws an Exception. It just silently does nothing. Ok, except for this logging message
2025-11-02 23:59:28,040 INFO  ExportPropertyManager.cs: 1136 - OnNumberBoxTrackingCompleted called. This method no longer throws an Exception. It just silently does nothing. Ok, except for this logging message
2025-11-02 23:59:41,880 INFO  ExportPropertyManager.cs: 1018 - OnComboboxSelectionChanged called. This method no longer throws an Exception. It just silently does nothing. Ok, except for this logging message
2025-11-02 23:59:43,515 INFO  ExportPropertyManager.cs: 1018 - OnComboboxSelectionChanged called. This method no longer throws an Exception. It just silently does nothing. Ok, except for this logging message
2025-11-02 23:59:45,151 INFO  ExportPropertyManager.cs: 1018 - OnComboboxSelectionChanged called. This method no longer throws an Exception. It just silently does nothing. Ok, except for this logging message
2025-11-02 23:59:57,606 INFO  ExportPropertyManager.cs: 1136 - OnNumberBoxTrackingCompleted called. This method no longer throws an Exception. It just silently does nothing. Ok, except for this logging message
2025-11-03 00:00:08,379 INFO  ExportPropertyManager.cs: 1018 - OnComboboxSelectionChanged called. This method no longer throws an Exception. It just silently does nothing. Ok, except for this logging message
2025-11-03 00:00:10,661 INFO  ExportPropertyManager.cs: 1018 - OnComboboxSelectionChanged called. This method no longer throws an Exception. It just silently does nothing. Ok, except for this logging message
2025-11-03 00:00:12,074 INFO  ExportPropertyManager.cs: 1018 - OnComboboxSelectionChanged called. This method no longer throws an Exception. It just silently does nothing. Ok, except for this logging message
2025-11-03 00:00:24,243 INFO  ExportPropertyManager.cs: 1136 - OnNumberBoxTrackingCompleted called. This method no longer throws an Exception. It just silently does nothing. Ok, except for this logging message
2025-11-03 00:00:32,592 INFO  ExportPropertyManager.cs: 1018 - OnComboboxSelectionChanged called. This method no longer throws an Exception. It just silently does nothing. Ok, except for this logging message
2025-11-03 00:00:33,973 INFO  ExportPropertyManager.cs: 1018 - OnComboboxSelectionChanged called. This method no longer throws an Exception. It just silently does nothing. Ok, except for this logging message
2025-11-03 00:00:35,454 INFO  ExportPropertyManager.cs: 1018 - OnComboboxSelectionChanged called. This method no longer throws an Exception. It just silently does nothing. Ok, except for this logging message
2025-11-03 00:00:42,331 INFO  ExportPropertyManager.cs: 1136 - OnNumberBoxTrackingCompleted called. This method no longer throws an Exception. It just silently does nothing. Ok, except for this logging message
2025-11-03 00:01:02,264 INFO  ExportPropertyManager.cs: 1018 - OnComboboxSelectionChanged called. This method no longer throws an Exception. It just silently does nothing. Ok, except for this logging message
2025-11-03 00:01:03,852 INFO  ExportPropertyManager.cs: 1018 - OnComboboxSelectionChanged called. This method no longer throws an Exception. It just silently does nothing. Ok, except for this logging message
2025-11-03 00:01:05,707 INFO  ExportPropertyManager.cs: 1018 - OnComboboxSelectionChanged called. This method no longer throws an Exception. It just silently does nothing. Ok, except for this logging message
2025-11-03 00:01:13,328 INFO  ExportPropertyManager.cs: 422 - Configuration saved
2025-11-03 00:01:13,446 INFO  ExportHelperExtension.cs: 347 - Creating joint link1
2025-11-03 00:01:13,524 WARN  ExportHelperExtension.cs: 351 - Creating joint from parent base_link to child link1 failed
2025-11-03 00:01:13,541 INFO  ExportHelperExtension.cs: 347 - Creating joint link2
2025-11-03 00:01:13,613 WARN  ExportHelperExtension.cs: 351 - Creating joint from parent link1 to child link2 failed
2025-11-03 00:01:13,634 INFO  ExportHelperExtension.cs: 347 - Creating joint link3
2025-11-03 00:01:13,701 WARN  ExportHelperExtension.cs: 351 - Creating joint from parent link2 to child link3 failed
2025-11-03 00:01:13,712 INFO  ExportHelperExtension.cs: 347 - Creating joint link4
2025-11-03 00:01:13,794 WARN  ExportHelperExtension.cs: 351 - Creating joint from parent link3 to child link4 failed
2025-11-03 00:01:13,803 INFO  ExportHelperExtension.cs: 347 - Creating joint link5
2025-11-03 00:01:13,878 WARN  ExportHelperExtension.cs: 351 - Creating joint from parent link4 to child link5 failed
2025-11-03 00:01:13,888 INFO  ExportHelperExtension.cs: 347 - Creating joint link6
2025-11-03 00:01:13,954 WARN  ExportHelperExtension.cs: 351 - Creating joint from parent link5 to child link6 failed
2025-11-03 00:01:14,042 INFO  ExportHelperExtension.cs: 1125 - Retrieving features of type [CoordSys] from 装配体1 - 副本
2025-11-03 00:01:14,043 INFO  ExportHelperExtension.cs: 1136 - Found 206 in 装配体1 - 副本
2025-11-03 00:01:14,044 INFO  ExportHelperExtension.cs: 1145 - Found 6 features of type [CoordSys] in 装配体1 - 副本
2025-11-03 00:01:14,044 INFO  ExportHelperExtension.cs: 1148 - Proceeding through assembly components
2025-11-03 00:01:14,044 INFO  ExportHelperExtension.cs: 1160 - 45 components to check
2025-11-03 00:01:14,044 INFO  ExportHelperExtension.cs: 1125 - Retrieving features of type [CoordSys] from 轴1上盖-1
2025-11-03 00:01:14,045 INFO  ExportHelperExtension.cs: 1136 - Found 79 in 轴1上盖-1
2025-11-03 00:01:14,045 INFO  ExportHelperExtension.cs: 1145 - Found 0 features of type [CoordSys] in 轴1上盖-1
2025-11-03 00:01:14,045 INFO  ExportHelperExtension.cs: 1125 - Retrieving features of type [CoordSys] from 4340定子-2
2025-11-03 00:01:14,046 INFO  ExportHelperExtension.cs: 1136 - Found 33 in 4340定子-2
2025-11-03 00:01:14,046 INFO  ExportHelperExtension.cs: 1145 - Found 0 features of type [CoordSys] in 4340定子-2
2025-11-03 00:01:14,046 INFO  ExportHelperExtension.cs: 1125 - Retrieving features of type [CoordSys] from 4340定子-3
2025-11-03 00:01:14,046 INFO  ExportHelperExtension.cs: 1136 - Found 33 in 4340定子-3
2025-11-03 00:01:14,046 INFO  ExportHelperExtension.cs: 1145 - Found 0 features of type [CoordSys] in 4340定子-3
2025-11-03 00:01:14,047 INFO  ExportHelperExtension.cs: 1125 - Retrieving features of type [CoordSys] from link2-1
2025-11-03 00:01:14,047 INFO  ExportHelperExtension.cs: 1136 - Found 72 in link2-1
2025-11-03 00:01:14,047 INFO  ExportHelperExtension.cs: 1145 - Found 0 features of type [CoordSys] in link2-1
2025-11-03 00:01:14,047 INFO  ExportHelperExtension.cs: 1125 - Retrieving features of type [CoordSys] from 4340转子-3
2025-11-03 00:01:14,048 INFO  ExportHelperExtension.cs: 1136 - Found 29 in 4340转子-3
2025-11-03 00:01:14,048 INFO  ExportHelperExtension.cs: 1145 - Found 0 features of type [CoordSys] in 4340转子-3
2025-11-03 00:01:14,048 INFO  ExportHelperExtension.cs: 1125 - Retrieving features of type [CoordSys] from 电机1固定-1
2025-11-03 00:01:14,048 INFO  ExportHelperExtension.cs: 1136 - Found 32 in 电机1固定-1
2025-11-03 00:01:14,049 INFO  ExportHelperExtension.cs: 1145 - Found 0 features of type [CoordSys] in 电机1固定-1
2025-11-03 00:01:14,049 INFO  ExportHelperExtension.cs: 1125 - Retrieving features of type [CoordSys] from 关节1固定-1
2025-11-03 00:01:14,049 INFO  ExportHelperExtension.cs: 1136 - Found 34 in 关节1固定-1
2025-11-03 00:01:14,049 INFO  ExportHelperExtension.cs: 1145 - Found 0 features of type [CoordSys] in 关节1固定-1
2025-11-03 00:01:14,050 INFO  ExportHelperExtension.cs: 1125 - Retrieving features of type [CoordSys] from 法兰：30x42x7-1
2025-11-03 00:01:14,050 INFO  ExportHelperExtension.cs: 1136 - Found 31 in 法兰：30x42x7-1
2025-11-03 00:01:14,050 INFO  ExportHelperExtension.cs: 1145 - Found 0 features of type [CoordSys] in 法兰：30x42x7-1
2025-11-03 00:01:14,050 INFO  ExportHelperExtension.cs: 1125 - Retrieving features of type [CoordSys] from link2-mask-1
2025-11-03 00:01:14,051 INFO  ExportHelperExtension.cs: 1136 - Found 30 in link2-mask-1
2025-11-03 00:01:14,051 INFO  ExportHelperExtension.cs: 1145 - Found 0 features of type [CoordSys] in link2-mask-1
2025-11-03 00:01:14,051 INFO  ExportHelperExtension.cs: 1125 - Retrieving features of type [CoordSys] from link3-1
2025-11-03 00:01:14,051 INFO  ExportHelperExtension.cs: 1136 - Found 50 in link3-1
2025-11-03 00:01:14,052 INFO  ExportHelperExtension.cs: 1145 - Found 0 features of type [CoordSys] in link3-1
2025-11-03 00:01:14,052 INFO  ExportHelperExtension.cs: 1125 - Retrieving features of type [CoordSys] from link3-mask -1
2025-11-03 00:01:14,052 INFO  ExportHelperExtension.cs: 1136 - Found 30 in link3-mask -1
2025-11-03 00:01:14,052 INFO  ExportHelperExtension.cs: 1145 - Found 0 features of type [CoordSys] in link3-mask -1
2025-11-03 00:01:14,053 INFO  ExportHelperExtension.cs: 1125 - Retrieving features of type [CoordSys] from link4-1
2025-11-03 00:01:14,053 INFO  ExportHelperExtension.cs: 1136 - Found 74 in link4-1
2025-11-03 00:01:14,053 INFO  ExportHelperExtension.cs: 1145 - Found 1 features of type [CoordSys] in link4-1
2025-11-03 00:01:14,053 INFO  ExportHelperExtension.cs: 1125 - Retrieving features of type [CoordSys] from 4340转子-2
2025-11-03 00:01:14,054 INFO  ExportHelperExtension.cs: 1136 - Found 29 in 4340转子-2
2025-11-03 00:01:14,054 INFO  ExportHelperExtension.cs: 1145 - Found 0 features of type [CoordSys] in 4340转子-2
2025-11-03 00:01:14,054 INFO  ExportHelperExtension.cs: 1125 - Retrieving features of type [CoordSys] from 电机6底座-1
2025-11-03 00:01:14,054 INFO  ExportHelperExtension.cs: 1136 - Found 55 in 电机6底座-1
2025-11-03 00:01:14,055 INFO  ExportHelperExtension.cs: 1145 - Found 0 features of type [CoordSys] in 电机6底座-1
2025-11-03 00:01:14,055 INFO  ExportHelperExtension.cs: 1125 - Retrieving features of type [CoordSys] from 末端-1
2025-11-03 00:01:14,055 INFO  ExportHelperExtension.cs: 1136 - Found 33 in 末端-1
2025-11-03 00:01:14,056 INFO  ExportHelperExtension.cs: 1145 - Found 0 features of type [CoordSys] in 末端-1
2025-11-03 00:01:14,056 INFO  ExportHelperExtension.cs: 1125 - Retrieving features of type [CoordSys] from 关节_转子-1
2025-11-03 00:01:14,056 INFO  ExportHelperExtension.cs: 1136 - Found 27 in 关节_转子-1
2025-11-03 00:01:14,056 INFO  ExportHelperExtension.cs: 1145 - Found 0 features of type [CoordSys] in 关节_转子-1
2025-11-03 00:01:14,057 INFO  ExportHelperExtension.cs: 1125 - Retrieving features of type [CoordSys] from 关节_定子-3
2025-11-03 00:01:14,057 INFO  ExportHelperExtension.cs: 1136 - Found 40 in 关节_定子-3
2025-11-03 00:01:14,057 INFO  ExportHelperExtension.cs: 1145 - Found 0 features of type [CoordSys] in 关节_定子-3
2025-11-03 00:01:14,057 INFO  ExportHelperExtension.cs: 1125 - Retrieving features of type [CoordSys] from m3X10-1
2025-11-03 00:01:14,058 INFO  ExportHelperExtension.cs: 1136 - Found 29 in m3X10-1
2025-11-03 00:01:14,058 INFO  ExportHelperExtension.cs: 1145 - Found 0 features of type [CoordSys] in m3X10-1
2025-11-03 00:01:14,058 INFO  ExportHelperExtension.cs: 1125 - Retrieving features of type [CoordSys] from 地板-1
2025-11-03 00:01:14,058 INFO  ExportHelperExtension.cs: 1136 - Found 35 in 地板-1
2025-11-03 00:01:14,059 INFO  ExportHelperExtension.cs: 1145 - Found 0 features of type [CoordSys] in 地板-1
2025-11-03 00:01:14,059 INFO  ExportHelperExtension.cs: 1125 - Retrieving features of type [CoordSys] from 关节_转子-3
2025-11-03 00:01:14,059 INFO  ExportHelperExtension.cs: 1136 - Found 27 in 关节_转子-3
2025-11-03 00:01:14,059 INFO  ExportHelperExtension.cs: 1145 - Found 0 features of type [CoordSys] in 关节_转子-3
2025-11-03 00:01:14,059 INFO  ExportHelperExtension.cs: 1125 - Retrieving features of type [CoordSys] from m3X45-1
2025-11-03 00:01:14,060 INFO  ExportHelperExtension.cs: 1136 - Found 29 in m3X45-1
2025-11-03 00:01:14,060 INFO  ExportHelperExtension.cs: 1145 - Found 0 features of type [CoordSys] in m3X45-1
2025-11-03 00:01:14,060 INFO  ExportHelperExtension.cs: 1125 - Retrieving features of type [CoordSys] from 关节_定子-1
2025-11-03 00:01:14,060 INFO  ExportHelperExtension.cs: 1136 - Found 40 in 关节_定子-1
2025-11-03 00:01:14,061 INFO  ExportHelperExtension.cs: 1145 - Found 0 features of type [CoordSys] in 关节_定子-1
2025-11-03 00:01:14,061 INFO  ExportHelperExtension.cs: 1125 - Retrieving features of type [CoordSys] from 4340定子-5
2025-11-03 00:01:14,061 INFO  ExportHelperExtension.cs: 1136 - Found 33 in 4340定子-5
2025-11-03 00:01:14,061 INFO  ExportHelperExtension.cs: 1145 - Found 0 features of type [CoordSys] in 4340定子-5
2025-11-03 00:01:14,061 INFO  ExportHelperExtension.cs: 1125 - Retrieving features of type [CoordSys] from 底座-3
2025-11-03 00:01:14,062 INFO  ExportHelperExtension.cs: 1136 - Found 51 in 底座-3
2025-11-03 00:01:14,062 INFO  ExportHelperExtension.cs: 1145 - Found 0 features of type [CoordSys] in 底座-3
2025-11-03 00:01:14,062 INFO  ExportHelperExtension.cs: 1125 - Retrieving features of type [CoordSys] from 关节_定子-2
2025-11-03 00:01:14,062 INFO  ExportHelperExtension.cs: 1136 - Found 40 in 关节_定子-2
2025-11-03 00:01:14,063 INFO  ExportHelperExtension.cs: 1145 - Found 0 features of type [CoordSys] in 关节_定子-2
2025-11-03 00:01:14,063 INFO  ExportHelperExtension.cs: 1125 - Retrieving features of type [CoordSys] from 关节_转子-2
2025-11-03 00:01:14,081 INFO  ExportHelperExtension.cs: 1136 - Found 27 in 关节_转子-2
2025-11-03 00:01:14,081 INFO  ExportHelperExtension.cs: 1145 - Found 0 features of type [CoordSys] in 关节_转子-2
2025-11-03 00:01:14,081 INFO  ExportHelperExtension.cs: 1125 - Retrieving features of type [CoordSys] from 底座轴承60x85x17-3
2025-11-03 00:01:14,082 INFO  ExportHelperExtension.cs: 1136 - Found 27 in 底座轴承60x85x17-3
2025-11-03 00:01:14,082 INFO  ExportHelperExtension.cs: 1145 - Found 0 features of type [CoordSys] in 底座轴承60x85x17-3
2025-11-03 00:01:14,082 INFO  ExportHelperExtension.cs: 1125 - Retrieving features of type [CoordSys] from 4340转子-5
2025-11-03 00:01:14,082 INFO  ExportHelperExtension.cs: 1136 - Found 29 in 4340转子-5
2025-11-03 00:01:14,083 INFO  ExportHelperExtension.cs: 1145 - Found 0 features of type [CoordSys] in 4340转子-5
2025-11-03 00:01:14,083 INFO  ExportHelperExtension.cs: 1125 - Retrieving features of type [CoordSys] from m3X50-2
2025-11-03 00:01:14,083 INFO  ExportHelperExtension.cs: 1136 - Found 29 in m3X50-2
2025-11-03 00:01:14,083 INFO  ExportHelperExtension.cs: 1145 - Found 0 features of type [CoordSys] in m3X50-2
2025-11-03 00:01:14,083 INFO  ExportHelperExtension.cs: 1125 - Retrieving features of type [CoordSys] from m3X10-2
2025-11-03 00:01:14,084 INFO  ExportHelperExtension.cs: 1136 - Found 29 in m3X10-2
2025-11-03 00:01:14,084 INFO  ExportHelperExtension.cs: 1145 - Found 0 features of type [CoordSys] in m3X10-2
2025-11-03 00:01:14,084 INFO  ExportHelperExtension.cs: 1125 - Retrieving features of type [CoordSys] from m3X35-1
2025-11-03 00:01:14,084 INFO  ExportHelperExtension.cs: 1136 - Found 29 in m3X35-1
2025-11-03 00:01:14,084 INFO  ExportHelperExtension.cs: 1145 - Found 0 features of type [CoordSys] in m3X35-1
2025-11-03 00:01:14,085 INFO  ExportHelperExtension.cs: 1125 - Retrieving features of type [CoordSys] from m3X50-1
2025-11-03 00:01:14,085 INFO  ExportHelperExtension.cs: 1136 - Found 29 in m3X50-1
2025-11-03 00:01:14,085 INFO  ExportHelperExtension.cs: 1145 - Found 0 features of type [CoordSys] in m3X50-1
2025-11-03 00:01:14,085 INFO  ExportHelperExtension.cs: 1125 - Retrieving features of type [CoordSys] from m3X25-2
2025-11-03 00:01:14,085 INFO  ExportHelperExtension.cs: 1136 - Found 29 in m3X25-2
2025-11-03 00:01:14,086 INFO  ExportHelperExtension.cs: 1145 - Found 0 features of type [CoordSys] in m3X25-2
2025-11-03 00:01:14,086 INFO  ExportHelperExtension.cs: 1125 - Retrieving features of type [CoordSys] from m3X20-2
2025-11-03 00:01:14,086 INFO  ExportHelperExtension.cs: 1136 - Found 29 in m3X20-2
2025-11-03 00:01:14,086 INFO  ExportHelperExtension.cs: 1145 - Found 0 features of type [CoordSys] in m3X20-2
2025-11-03 00:01:14,086 INFO  ExportHelperExtension.cs: 1125 - Retrieving features of type [CoordSys] from m3X25-1
2025-11-03 00:01:14,087 INFO  ExportHelperExtension.cs: 1136 - Found 29 in m3X25-1
2025-11-03 00:01:14,087 INFO  ExportHelperExtension.cs: 1145 - Found 0 features of type [CoordSys] in m3X25-1
2025-11-03 00:01:14,087 INFO  ExportHelperExtension.cs: 1125 - Retrieving features of type [CoordSys] from m3X20-1
2025-11-03 00:01:14,087 INFO  ExportHelperExtension.cs: 1136 - Found 29 in m3X20-1
2025-11-03 00:01:14,087 INFO  ExportHelperExtension.cs: 1145 - Found 0 features of type [CoordSys] in m3X20-1
2025-11-03 00:01:14,088 INFO  ExportHelperExtension.cs: 1125 - Retrieving features of type [CoordSys] from m3X20-3
2025-11-03 00:01:14,088 INFO  ExportHelperExtension.cs: 1136 - Found 29 in m3X20-3
2025-11-03 00:01:14,088 INFO  ExportHelperExtension.cs: 1145 - Found 0 features of type [CoordSys] in m3X20-3
2025-11-03 00:01:14,088 INFO  ExportHelperExtension.cs: 1125 - Retrieving features of type [CoordSys] from m3X10-4
2025-11-03 00:01:14,088 INFO  ExportHelperExtension.cs: 1136 - Found 29 in m3X10-4
2025-11-03 00:01:14,089 INFO  ExportHelperExtension.cs: 1145 - Found 0 features of type [CoordSys] in m3X10-4
2025-11-03 00:01:14,089 INFO  ExportHelperExtension.cs: 1125 - Retrieving features of type [CoordSys] from m3X20-4
2025-11-03 00:01:14,089 INFO  ExportHelperExtension.cs: 1136 - Found 29 in m3X20-4
2025-11-03 00:01:14,089 INFO  ExportHelperExtension.cs: 1145 - Found 0 features of type [CoordSys] in m3X20-4
2025-11-03 00:01:14,089 INFO  ExportHelperExtension.cs: 1125 - Retrieving features of type [CoordSys] from m3X25-3
2025-11-03 00:01:14,090 INFO  ExportHelperExtension.cs: 1136 - Found 29 in m3X25-3
2025-11-03 00:01:14,090 INFO  ExportHelperExtension.cs: 1145 - Found 0 features of type [CoordSys] in m3X25-3
2025-11-03 00:01:14,090 INFO  ExportHelperExtension.cs: 1125 - Retrieving features of type [CoordSys] from m3X10-7
2025-11-03 00:01:14,090 INFO  ExportHelperExtension.cs: 1136 - Found 29 in m3X10-7
2025-11-03 00:01:14,090 INFO  ExportHelperExtension.cs: 1145 - Found 0 features of type [CoordSys] in m3X10-7
2025-11-03 00:01:14,091 INFO  ExportHelperExtension.cs: 1125 - Retrieving features of type [CoordSys] from m3X10-6
2025-11-03 00:01:14,091 INFO  ExportHelperExtension.cs: 1136 - Found 29 in m3X10-6
2025-11-03 00:01:14,091 INFO  ExportHelperExtension.cs: 1145 - Found 0 features of type [CoordSys] in m3X10-6
2025-11-03 00:01:14,091 INFO  ExportHelperExtension.cs: 1125 - Retrieving features of type [CoordSys] from m3X20-5
2025-11-03 00:01:14,091 INFO  ExportHelperExtension.cs: 1136 - Found 29 in m3X20-5
2025-11-03 00:01:14,091 INFO  ExportHelperExtension.cs: 1145 - Found 0 features of type [CoordSys] in m3X20-5
2025-11-03 00:01:14,092 INFO  ExportHelperExtension.cs: 1125 - Retrieving features of type [CoordSys] from m3X10-3
2025-11-03 00:01:14,092 INFO  ExportHelperExtension.cs: 1136 - Found 29 in m3X10-3
2025-11-03 00:01:14,092 INFO  ExportHelperExtension.cs: 1145 - Found 0 features of type [CoordSys] in m3X10-3
2025-11-03 00:01:14,092 INFO  ExportHelperExtension.cs: 1125 - Retrieving features of type [CoordSys] from m3X10-5
2025-11-03 00:01:14,092 INFO  ExportHelperExtension.cs: 1136 - Found 29 in m3X10-5
2025-11-03 00:01:14,093 INFO  ExportHelperExtension.cs: 1145 - Found 0 features of type [CoordSys] in m3X10-5
2025-11-03 00:01:14,093 INFO  ExportHelperExtension.cs: 1125 - Retrieving features of type [RefAxis] from 装配体1 - 副本
2025-11-03 00:01:14,093 INFO  ExportHelperExtension.cs: 1136 - Found 206 in 装配体1 - 副本
2025-11-03 00:01:14,094 INFO  ExportHelperExtension.cs: 1145 - Found 11 features of type [RefAxis] in 装配体1 - 副本
2025-11-03 00:01:14,094 INFO  ExportHelperExtension.cs: 1148 - Proceeding through assembly components
2025-11-03 00:01:14,094 INFO  ExportHelperExtension.cs: 1160 - 45 components to check
2025-11-03 00:01:14,094 INFO  ExportHelperExtension.cs: 1125 - Retrieving features of type [RefAxis] from 轴1上盖-1
2025-11-03 00:01:14,094 INFO  ExportHelperExtension.cs: 1136 - Found 79 in 轴1上盖-1
2025-11-03 00:01:14,095 INFO  ExportHelperExtension.cs: 1145 - Found 0 features of type [RefAxis] in 轴1上盖-1
2025-11-03 00:01:14,095 INFO  ExportHelperExtension.cs: 1125 - Retrieving features of type [RefAxis] from 4340定子-2
2025-11-03 00:01:14,095 INFO  ExportHelperExtension.cs: 1136 - Found 33 in 4340定子-2
2025-11-03 00:01:14,095 INFO  ExportHelperExtension.cs: 1145 - Found 0 features of type [RefAxis] in 4340定子-2
2025-11-03 00:01:14,095 INFO  ExportHelperExtension.cs: 1125 - Retrieving features of type [RefAxis] from 4340定子-3
2025-11-03 00:01:14,095 INFO  ExportHelperExtension.cs: 1136 - Found 33 in 4340定子-3
2025-11-03 00:01:14,096 INFO  ExportHelperExtension.cs: 1145 - Found 0 features of type [RefAxis] in 4340定子-3
2025-11-03 00:01:14,096 INFO  ExportHelperExtension.cs: 1125 - Retrieving features of type [RefAxis] from link2-1
2025-11-03 00:01:14,096 INFO  ExportHelperExtension.cs: 1136 - Found 72 in link2-1
2025-11-03 00:01:14,096 INFO  ExportHelperExtension.cs: 1145 - Found 0 features of type [RefAxis] in link2-1
2025-11-03 00:01:14,097 INFO  ExportHelperExtension.cs: 1125 - Retrieving features of type [RefAxis] from 4340转子-3
2025-11-03 00:01:14,097 INFO  ExportHelperExtension.cs: 1136 - Found 29 in 4340转子-3
2025-11-03 00:01:14,097 INFO  ExportHelperExtension.cs: 1145 - Found 0 features of type [RefAxis] in 4340转子-3
2025-11-03 00:01:14,097 INFO  ExportHelperExtension.cs: 1125 - Retrieving features of type [RefAxis] from 电机1固定-1
2025-11-03 00:01:14,097 INFO  ExportHelperExtension.cs: 1136 - Found 32 in 电机1固定-1
2025-11-03 00:01:14,098 INFO  ExportHelperExtension.cs: 1145 - Found 0 features of type [RefAxis] in 电机1固定-1
2025-11-03 00:01:14,098 INFO  ExportHelperExtension.cs: 1125 - Retrieving features of type [RefAxis] from 关节1固定-1
2025-11-03 00:01:14,099 INFO  ExportHelperExtension.cs: 1136 - Found 34 in 关节1固定-1
2025-11-03 00:01:14,099 INFO  ExportHelperExtension.cs: 1145 - Found 0 features of type [RefAxis] in 关节1固定-1
2025-11-03 00:01:14,099 INFO  ExportHelperExtension.cs: 1125 - Retrieving features of type [RefAxis] from 法兰：30x42x7-1
2025-11-03 00:01:14,099 INFO  ExportHelperExtension.cs: 1136 - Found 31 in 法兰：30x42x7-1
2025-11-03 00:01:14,099 INFO  ExportHelperExtension.cs: 1145 - Found 0 features of type [RefAxis] in 法兰：30x42x7-1
2025-11-03 00:01:14,100 INFO  ExportHelperExtension.cs: 1125 - Retrieving features of type [RefAxis] from link2-mask-1
2025-11-03 00:01:14,100 INFO  ExportHelperExtension.cs: 1136 - Found 30 in link2-mask-1
2025-11-03 00:01:14,100 INFO  ExportHelperExtension.cs: 1145 - Found 0 features of type [RefAxis] in link2-mask-1
2025-11-03 00:01:14,100 INFO  ExportHelperExtension.cs: 1125 - Retrieving features of type [RefAxis] from link3-1
2025-11-03 00:01:14,101 INFO  ExportHelperExtension.cs: 1136 - Found 50 in link3-1
2025-11-03 00:01:14,101 INFO  ExportHelperExtension.cs: 1145 - Found 0 features of type [RefAxis] in link3-1
2025-11-03 00:01:14,101 INFO  ExportHelperExtension.cs: 1125 - Retrieving features of type [RefAxis] from link3-mask -1
2025-11-03 00:01:14,101 INFO  ExportHelperExtension.cs: 1136 - Found 30 in link3-mask -1
2025-11-03 00:01:14,101 INFO  ExportHelperExtension.cs: 1145 - Found 0 features of type [RefAxis] in link3-mask -1
2025-11-03 00:01:14,102 INFO  ExportHelperExtension.cs: 1125 - Retrieving features of type [RefAxis] from link4-1
2025-11-03 00:01:14,102 INFO  ExportHelperExtension.cs: 1136 - Found 74 in link4-1
2025-11-03 00:01:14,102 INFO  ExportHelperExtension.cs: 1145 - Found 0 features of type [RefAxis] in link4-1
2025-11-03 00:01:14,102 INFO  ExportHelperExtension.cs: 1125 - Retrieving features of type [RefAxis] from 4340转子-2
2025-11-03 00:01:14,103 INFO  ExportHelperExtension.cs: 1136 - Found 29 in 4340转子-2
2025-11-03 00:01:14,103 INFO  ExportHelperExtension.cs: 1145 - Found 0 features of type [RefAxis] in 4340转子-2
2025-11-03 00:01:14,103 INFO  ExportHelperExtension.cs: 1125 - Retrieving features of type [RefAxis] from 电机6底座-1
2025-11-03 00:01:14,103 INFO  ExportHelperExtension.cs: 1136 - Found 55 in 电机6底座-1
2025-11-03 00:01:14,104 INFO  ExportHelperExtension.cs: 1145 - Found 0 features of type [RefAxis] in 电机6底座-1
2025-11-03 00:01:14,104 INFO  ExportHelperExtension.cs: 1125 - Retrieving features of type [RefAxis] from 末端-1
2025-11-03 00:01:14,104 INFO  ExportHelperExtension.cs: 1136 - Found 33 in 末端-1
2025-11-03 00:01:14,104 INFO  ExportHelperExtension.cs: 1145 - Found 0 features of type [RefAxis] in 末端-1
2025-11-03 00:01:14,105 INFO  ExportHelperExtension.cs: 1125 - Retrieving features of type [RefAxis] from 关节_转子-1
2025-11-03 00:01:14,105 INFO  ExportHelperExtension.cs: 1136 - Found 27 in 关节_转子-1
2025-11-03 00:01:14,105 INFO  ExportHelperExtension.cs: 1145 - Found 0 features of type [RefAxis] in 关节_转子-1
2025-11-03 00:01:14,105 INFO  ExportHelperExtension.cs: 1125 - Retrieving features of type [RefAxis] from 关节_定子-3
2025-11-03 00:01:14,105 INFO  ExportHelperExtension.cs: 1136 - Found 40 in 关节_定子-3
2025-11-03 00:01:14,108 INFO  ExportHelperExtension.cs: 1145 - Found 1 features of type [RefAxis] in 关节_定子-3
2025-11-03 00:01:14,108 INFO  ExportHelperExtension.cs: 1125 - Retrieving features of type [RefAxis] from m3X10-1
2025-11-03 00:01:14,110 INFO  ExportHelperExtension.cs: 1136 - Found 29 in m3X10-1
2025-11-03 00:01:14,111 INFO  ExportHelperExtension.cs: 1145 - Found 0 features of type [RefAxis] in m3X10-1
2025-11-03 00:01:14,111 INFO  ExportHelperExtension.cs: 1125 - Retrieving features of type [RefAxis] from 地板-1
2025-11-03 00:01:14,111 INFO  ExportHelperExtension.cs: 1136 - Found 35 in 地板-1
2025-11-03 00:01:14,112 INFO  ExportHelperExtension.cs: 1145 - Found 0 features of type [RefAxis] in 地板-1
2025-11-03 00:01:14,112 INFO  ExportHelperExtension.cs: 1125 - Retrieving features of type [RefAxis] from 关节_转子-3
2025-11-03 00:01:14,112 INFO  ExportHelperExtension.cs: 1136 - Found 27 in 关节_转子-3
2025-11-03 00:01:14,112 INFO  ExportHelperExtension.cs: 1145 - Found 0 features of type [RefAxis] in 关节_转子-3
2025-11-03 00:01:14,113 INFO  ExportHelperExtension.cs: 1125 - Retrieving features of type [RefAxis] from m3X45-1
2025-11-03 00:01:14,113 INFO  ExportHelperExtension.cs: 1136 - Found 29 in m3X45-1
2025-11-03 00:01:14,113 INFO  ExportHelperExtension.cs: 1145 - Found 0 features of type [RefAxis] in m3X45-1
2025-11-03 00:01:14,113 INFO  ExportHelperExtension.cs: 1125 - Retrieving features of type [RefAxis] from 关节_定子-1
2025-11-03 00:01:14,113 INFO  ExportHelperExtension.cs: 1136 - Found 40 in 关节_定子-1
2025-11-03 00:01:14,114 INFO  ExportHelperExtension.cs: 1145 - Found 1 features of type [RefAxis] in 关节_定子-1
2025-11-03 00:01:14,114 INFO  ExportHelperExtension.cs: 1125 - Retrieving features of type [RefAxis] from 4340定子-5
2025-11-03 00:01:14,114 INFO  ExportHelperExtension.cs: 1136 - Found 33 in 4340定子-5
2025-11-03 00:01:14,114 INFO  ExportHelperExtension.cs: 1145 - Found 0 features of type [RefAxis] in 4340定子-5
2025-11-03 00:01:14,114 INFO  ExportHelperExtension.cs: 1125 - Retrieving features of type [RefAxis] from 底座-3
2025-11-03 00:01:14,115 INFO  ExportHelperExtension.cs: 1136 - Found 51 in 底座-3
2025-11-03 00:01:14,115 INFO  ExportHelperExtension.cs: 1145 - Found 0 features of type [RefAxis] in 底座-3
2025-11-03 00:01:14,115 INFO  ExportHelperExtension.cs: 1125 - Retrieving features of type [RefAxis] from 关节_定子-2
2025-11-03 00:01:14,115 INFO  ExportHelperExtension.cs: 1136 - Found 40 in 关节_定子-2
2025-11-03 00:01:14,116 INFO  ExportHelperExtension.cs: 1145 - Found 1 features of type [RefAxis] in 关节_定子-2
2025-11-03 00:01:14,116 INFO  ExportHelperExtension.cs: 1125 - Retrieving features of type [RefAxis] from 关节_转子-2
2025-11-03 00:01:14,116 INFO  ExportHelperExtension.cs: 1136 - Found 27 in 关节_转子-2
2025-11-03 00:01:14,116 INFO  ExportHelperExtension.cs: 1145 - Found 0 features of type [RefAxis] in 关节_转子-2
2025-11-03 00:01:14,116 INFO  ExportHelperExtension.cs: 1125 - Retrieving features of type [RefAxis] from 底座轴承60x85x17-3
2025-11-03 00:01:14,117 INFO  ExportHelperExtension.cs: 1136 - Found 27 in 底座轴承60x85x17-3
2025-11-03 00:01:14,117 INFO  ExportHelperExtension.cs: 1145 - Found 0 features of type [RefAxis] in 底座轴承60x85x17-3
2025-11-03 00:01:14,117 INFO  ExportHelperExtension.cs: 1125 - Retrieving features of type [RefAxis] from 4340转子-5
2025-11-03 00:01:14,117 INFO  ExportHelperExtension.cs: 1136 - Found 29 in 4340转子-5
2025-11-03 00:01:14,117 INFO  ExportHelperExtension.cs: 1145 - Found 0 features of type [RefAxis] in 4340转子-5
2025-11-03 00:01:14,118 INFO  ExportHelperExtension.cs: 1125 - Retrieving features of type [RefAxis] from m3X50-2
2025-11-03 00:01:14,118 INFO  ExportHelperExtension.cs: 1136 - Found 29 in m3X50-2
2025-11-03 00:01:14,118 INFO  ExportHelperExtension.cs: 1145 - Found 0 features of type [RefAxis] in m3X50-2
2025-11-03 00:01:14,118 INFO  ExportHelperExtension.cs: 1125 - Retrieving features of type [RefAxis] from m3X10-2
2025-11-03 00:01:14,118 INFO  ExportHelperExtension.cs: 1136 - Found 29 in m3X10-2
2025-11-03 00:01:14,119 INFO  ExportHelperExtension.cs: 1145 - Found 0 features of type [RefAxis] in m3X10-2
2025-11-03 00:01:14,119 INFO  ExportHelperExtension.cs: 1125 - Retrieving features of type [RefAxis] from m3X35-1
2025-11-03 00:01:14,119 INFO  ExportHelperExtension.cs: 1136 - Found 29 in m3X35-1
2025-11-03 00:01:14,119 INFO  ExportHelperExtension.cs: 1145 - Found 0 features of type [RefAxis] in m3X35-1
2025-11-03 00:01:14,119 INFO  ExportHelperExtension.cs: 1125 - Retrieving features of type [RefAxis] from m3X50-1
2025-11-03 00:01:14,120 INFO  ExportHelperExtension.cs: 1136 - Found 29 in m3X50-1
2025-11-03 00:01:14,120 INFO  ExportHelperExtension.cs: 1145 - Found 0 features of type [RefAxis] in m3X50-1
2025-11-03 00:01:14,120 INFO  ExportHelperExtension.cs: 1125 - Retrieving features of type [RefAxis] from m3X25-2
2025-11-03 00:01:14,120 INFO  ExportHelperExtension.cs: 1136 - Found 29 in m3X25-2
2025-11-03 00:01:14,120 INFO  ExportHelperExtension.cs: 1145 - Found 0 features of type [RefAxis] in m3X25-2
2025-11-03 00:01:14,121 INFO  ExportHelperExtension.cs: 1125 - Retrieving features of type [RefAxis] from m3X20-2
2025-11-03 00:01:14,121 INFO  ExportHelperExtension.cs: 1136 - Found 29 in m3X20-2
2025-11-03 00:01:14,121 INFO  ExportHelperExtension.cs: 1145 - Found 0 features of type [RefAxis] in m3X20-2
2025-11-03 00:01:14,121 INFO  ExportHelperExtension.cs: 1125 - Retrieving features of type [RefAxis] from m3X25-1
2025-11-03 00:01:14,121 INFO  ExportHelperExtension.cs: 1136 - Found 29 in m3X25-1
2025-11-03 00:01:14,122 INFO  ExportHelperExtension.cs: 1145 - Found 0 features of type [RefAxis] in m3X25-1
2025-11-03 00:01:14,122 INFO  ExportHelperExtension.cs: 1125 - Retrieving features of type [RefAxis] from m3X20-1
2025-11-03 00:01:14,122 INFO  ExportHelperExtension.cs: 1136 - Found 29 in m3X20-1
2025-11-03 00:01:14,122 INFO  ExportHelperExtension.cs: 1145 - Found 0 features of type [RefAxis] in m3X20-1
2025-11-03 00:01:14,122 INFO  ExportHelperExtension.cs: 1125 - Retrieving features of type [RefAxis] from m3X20-3
2025-11-03 00:01:14,122 INFO  ExportHelperExtension.cs: 1136 - Found 29 in m3X20-3
2025-11-03 00:01:14,123 INFO  ExportHelperExtension.cs: 1145 - Found 0 features of type [RefAxis] in m3X20-3
2025-11-03 00:01:14,123 INFO  ExportHelperExtension.cs: 1125 - Retrieving features of type [RefAxis] from m3X10-4
2025-11-03 00:01:14,123 INFO  ExportHelperExtension.cs: 1136 - Found 29 in m3X10-4
2025-11-03 00:01:14,123 INFO  ExportHelperExtension.cs: 1145 - Found 0 features of type [RefAxis] in m3X10-4
2025-11-03 00:01:14,124 INFO  ExportHelperExtension.cs: 1125 - Retrieving features of type [RefAxis] from m3X20-4
2025-11-03 00:01:14,124 INFO  ExportHelperExtension.cs: 1136 - Found 29 in m3X20-4
2025-11-03 00:01:14,124 INFO  ExportHelperExtension.cs: 1145 - Found 0 features of type [RefAxis] in m3X20-4
2025-11-03 00:01:14,124 INFO  ExportHelperExtension.cs: 1125 - Retrieving features of type [RefAxis] from m3X25-3
2025-11-03 00:01:14,124 INFO  ExportHelperExtension.cs: 1136 - Found 29 in m3X25-3
2025-11-03 00:01:14,125 INFO  ExportHelperExtension.cs: 1145 - Found 0 features of type [RefAxis] in m3X25-3
2025-11-03 00:01:14,125 INFO  ExportHelperExtension.cs: 1125 - Retrieving features of type [RefAxis] from m3X10-7
2025-11-03 00:01:14,125 INFO  ExportHelperExtension.cs: 1136 - Found 29 in m3X10-7
2025-11-03 00:01:14,125 INFO  ExportHelperExtension.cs: 1145 - Found 0 features of type [RefAxis] in m3X10-7
2025-11-03 00:01:14,125 INFO  ExportHelperExtension.cs: 1125 - Retrieving features of type [RefAxis] from m3X10-6
2025-11-03 00:01:14,126 INFO  ExportHelperExtension.cs: 1136 - Found 29 in m3X10-6
2025-11-03 00:01:14,126 INFO  ExportHelperExtension.cs: 1145 - Found 0 features of type [RefAxis] in m3X10-6
2025-11-03 00:01:14,126 INFO  ExportHelperExtension.cs: 1125 - Retrieving features of type [RefAxis] from m3X20-5
2025-11-03 00:01:14,126 INFO  ExportHelperExtension.cs: 1136 - Found 29 in m3X20-5
2025-11-03 00:01:14,127 INFO  ExportHelperExtension.cs: 1145 - Found 0 features of type [RefAxis] in m3X20-5
2025-11-03 00:01:14,127 INFO  ExportHelperExtension.cs: 1125 - Retrieving features of type [RefAxis] from m3X10-3
2025-11-03 00:01:14,127 INFO  ExportHelperExtension.cs: 1136 - Found 29 in m3X10-3
2025-11-03 00:01:14,127 INFO  ExportHelperExtension.cs: 1145 - Found 0 features of type [RefAxis] in m3X10-3
2025-11-03 00:01:14,127 INFO  ExportHelperExtension.cs: 1125 - Retrieving features of type [RefAxis] from m3X10-5
2025-11-03 00:01:14,128 INFO  ExportHelperExtension.cs: 1136 - Found 29 in m3X10-5
2025-11-03 00:01:14,128 INFO  ExportHelperExtension.cs: 1145 - Found 0 features of type [RefAxis] in m3X10-5
2025-11-03 00:01:14,187 INFO  ExportPropertyManager.cs: 1142 - AfterClose called. This method no longer throws an Exception. It just silently does nothing. Ok, except for this logging message
2025-11-03 00:01:44,806 INFO  AssemblyExportForm.cs: 253 - Completing URDF export
2025-11-03 00:01:44,808 INFO  ConfigurationSerialization.cs: 276 - URDF Configuration found
<Link z:Id="i1" xmlns="http://schemas.datacontract.org/2004/07/SW2URDF" xmlns:i="http://www.w3.org/2001/XMLSchema-instance" xmlns:z="http://schemas.microsoft.com/2003/10/Serialization/"><Attributes><Attribute z:Id="i2"><AttributeType>name</AttributeType><IsRequired>true</IsRequired><Value i:type="a:string" xmlns:a="http://www.w3.org/2001/XMLSchema">base_link</Value></Attribute></Attributes><ChildElements><URDFElement z:Id="i3" i:type="Inertial"><Attributes/><ChildElements><URDFElement z:Id="i4" i:type="Origin"><Attributes><Attribute z:Id="i5"><AttributeType>xyz</AttributeType><IsRequired>true</IsRequired><Value i:type="a:ArrayOfdouble" xmlns:a="http://schemas.microsoft.com/2003/10/Serialization/Arrays"><a:double>0</a:double><a:double>0</a:double><a:double>0</a:double></Value></Attribute><Attribute z:Id="i6"><AttributeType>rpy</AttributeType><IsRequired>true</IsRequired><Value i:type="a:ArrayOfdouble" xmlns:a="http://schemas.microsoft.com/2003/10/Serialization/Arrays"><a:double>0</a:double><a:double>0</a:double><a:double>0</a:double></Value></Attribute></Attributes><ChildElements/><ElementName>origin</ElementName><required>false</required><RPYAttribute z:Ref="i6"/><XYZAttribute z:Ref="i5"/><isCustomized>false</isCustomized></URDFElement><URDFElement z:Id="i7" i:type="Mass"><Attributes><Attribute z:Id="i8"><AttributeType>value</AttributeType><IsRequired>true</IsRequired><Value i:type="a:double" xmlns:a="http://www.w3.org/2001/XMLSchema">0</Value></Attribute></Attributes><ChildElements/><ElementName>mass</ElementName><required>false</required><ValueAttribute z:Ref="i8"/></URDFElement><URDFElement z:Id="i9" i:type="Inertia"><Attributes><Attribute z:Id="i10"><AttributeType>ixx</AttributeType><IsRequired>true</IsRequired><Value i:type="a:double" xmlns:a="http://www.w3.org/2001/XMLSchema">0</Value></Attribute><Attribute z:Id="i11"><AttributeType>ixy</AttributeType><IsRequired>true</IsRequired><Value i:type="a:double" xmlns:a="http://www.w3.org/2001/XMLSchema">0</Value></Attribute><Attribute z:Id="i12"><AttributeType>ixz</AttributeType><IsRequired>true</IsRequired><Value i:type="a:double" xmlns:a="http://www.w3.org/2001/XMLSchema">0</Value></Attribute><Attribute z:Id="i13"><AttributeType>iyy</AttributeType><IsRequired>true</IsRequired><Value i:type="a:double" xmlns:a="http://www.w3.org/2001/XMLSchema">0</Value></Attribute><Attribute z:Id="i14"><AttributeType>iyz</AttributeType><IsRequired>true</IsRequired><Value i:type="a:double" xmlns:a="http://www.w3.org/2001/XMLSchema">0</Value></Attribute><Attribute z:Id="i15"><AttributeType>izz</AttributeType><IsRequired>true</IsRequired><Value i:type="a:double" xmlns:a="http://www.w3.org/2001/XMLSchema">0</Value></Attribute></Attributes><ChildElements/><ElementName>inertia</ElementName><required>false</required><IxxAttribute z:Ref="i10"/><IxyAttribute z:Ref="i11"/><IxzAttribute z:Ref="i12"/><IyyAttribute z:Ref="i13"/><IyzAttribute z:Ref="i14"/><IzzAttribute z:Ref="i15"/></URDFElement></ChildElements><ElementName>inertial</ElementName><required>false</required><Inertia z:Ref="i9"/><Mass z:Ref="i7"/><Origin z:Ref="i4"/></URDFElement><URDFElement z:Id="i16" i:type="Visual"><Attributes/><ChildElements><URDFElement z:Id="i17" i:type="Origin"><Attributes><Attribute z:Id="i18"><AttributeType>xyz</AttributeType><IsRequired>true</IsRequired><Value i:type="a:ArrayOfdouble" xmlns:a="http://schemas.microsoft.com/2003/10/Serialization/Arrays"><a:double>0</a:double><a:double>0</a:double><a:double>0</a:double></Value></Attribute><Attribute z:Id="i19"><AttributeType>rpy</AttributeType><IsRequired>true</IsRequired><Value i:type="a:ArrayOfdouble" xmlns:a="http://schemas.microsoft.com/2003/10/Serialization/Arrays"><a:double>0</a:double><a:double>0</a:double><a:double>0</a:double></Value></Attribute></Attributes><ChildElements/><ElementName>origin</ElementName><required>false</required><RPYAttribute z:Ref="i19"/><XYZAttribute z:Ref="i18"/><isCustomized>false</isCustomized></URDFElement><URDFElement z:Id="i20" i:type="Geometry"><Attributes/><ChildElements><URDFElement z:Id="i21" i:type="Mesh"><Attributes><Attribute z:Id="i22"><AttributeType>filename</AttributeType><IsRequired>true</IsRequired><Value i:nil="true"/></Attribute></Attributes><ChildElements/><ElementName>mesh</ElementName><required>false</required><FilenameAttribute z:Ref="i22"/></URDFElement></ChildElements><ElementName>geometry</ElementName><required>true</required><Mesh z:Ref="i21"/></URDFElement><URDFElement z:Id="i23" i:type="Material"><Attributes><Attribute z:Id="i24"><AttributeType>name</AttributeType><IsRequired>true</IsRequired><Value i:type="a:string" xmlns:a="http://www.w3.org/2001/XMLSchema"/></Attribute></Attributes><ChildElements><URDFElement z:Id="i25" i:type="Color"><Attributes><Attribute z:Id="i26"><AttributeType>rgba</AttributeType><IsRequired>true</IsRequired><Value i:type="a:ArrayOfdouble" xmlns:a="http://schemas.microsoft.com/2003/10/Serialization/Arrays"><a:double>1</a:double><a:double>1</a:double><a:double>1</a:double><a:double>1</a:double></Value></Attribute></Attributes><ChildElements/><ElementName>color</ElementName><required>false</required><RGBAAttribute z:Ref="i26"/></URDFElement><URDFElement z:Id="i27" i:type="Texture"><Attributes><Attribute z:Id="i28"><AttributeType>filename</AttributeType><IsRequired>true</IsRequired><Value i:nil="true"/></Attribute></Attributes><ChildElements/><ElementName>texture</ElementName><required>false</required><FilenameAttribute z:Ref="i28"/><wFilename/></URDFElement></ChildElements><ElementName>material</ElementName><required>false</required><Color z:Ref="i25"/><NameAttribute z:Ref="i24"/><Texture z:Ref="i27"/></URDFElement></ChildElements><ElementName>visual</ElementName><required>false</required><Geometry z:Ref="i20"/><Material z:Ref="i23"/><Origin z:Ref="i17"/></URDFElement><URDFElement z:Id="i29" i:type="Collision"><Attributes/><ChildElements><URDFElement z:Id="i30" i:type="Origin"><Attributes><Attribute z:Id="i31"><AttributeType>xyz</AttributeType><IsRequired>true</IsRequired><Value i:type="a:ArrayOfdouble" xmlns:a="http://schemas.microsoft.com/2003/10/Serialization/Arrays"><a:double>0</a:double><a:double>0</a:double><a:double>0</a:double></Value></Attribute><Attribute z:Id="i32"><AttributeType>rpy</AttributeType><IsRequired>true</IsRequired><Value i:type="a:ArrayOfdouble" xmlns:a="http://schemas.microsoft.com/2003/10/Serialization/Arrays"><a:double>0</a:double><a:double>0</a:double><a:double>0</a:double></Value></Attribute></Attributes><ChildElements/><ElementName>origin</ElementName><required>false</required><RPYAttribute z:Ref="i32"/><XYZAttribute z:Ref="i31"/><isCustomized>false</isCustomized></URDFElement><URDFElement z:Id="i33" i:type="Geometry"><Attributes/><ChildElements><URDFElement z:Id="i34" i:type="Mesh"><Attributes><Attribute z:Id="i35"><AttributeType>filename</AttributeType><IsRequired>true</IsRequired><Value i:nil="true"/></Attribute></Attributes><ChildElements/><ElementName>mesh</ElementName><required>false</required><FilenameAttribute z:Ref="i35"/></URDFElement></ChildElements><ElementName>geometry</ElementName><required>true</required><Mesh z:Ref="i34"/></URDFElement></ChildElements><ElementName>collision</ElementName><required>false</required><Geometry z:Ref="i33"/><Origin z:Ref="i30"/></URDFElement><URDFElement z:Id="i36" i:type="Joint"><Attributes><Attribute z:Id="i37"><AttributeType>name</AttributeType><IsRequired>true</IsRequired><Value i:type="a:string" xmlns:a="http://www.w3.org/2001/XMLSchema"/></Attribute><Attribute z:Id="i38"><AttributeType>type</AttributeType><IsRequired>true</IsRequired><Value i:type="a:string" xmlns:a="http://www.w3.org/2001/XMLSchema"/></Attribute></Attributes><ChildElements><URDFElement z:Id="i39" i:type="Origin"><Attributes><Attribute z:Id="i40"><AttributeType>xyz</AttributeType><IsRequired>true</IsRequired><Value i:type="a:ArrayOfdouble" xmlns:a="http://schemas.microsoft.com/2003/10/Serialization/Arrays"><a:double>0</a:double><a:double>0</a:double><a:double>0</a:double></Value></Attribute><Attribute z:Id="i41"><AttributeType>rpy</AttributeType><IsRequired>true</IsRequired><Value i:type="a:ArrayOfdouble" xmlns:a="http://schemas.microsoft.com/2003/10/Serialization/Arrays"><a:double>0</a:double><a:double>0</a:double><a:double>0</a:double></Value></Attribute></Attributes><ChildElements/><ElementName>origin</ElementName><required>false</required><RPYAttribute z:Ref="i41"/><XYZAttribute z:Ref="i40"/><isCustomized>false</isCustomized></URDFElement><URDFElement z:Id="i42" i:type="ParentLink"><Attributes><Attribute z:Id="i43"><AttributeType>link</AttributeType><IsRequired>true</IsRequired><Value i:type="a:string" xmlns:a="http://www.w3.org/2001/XMLSchema"/></Attribute></Attributes><ChildElements/><ElementName>parent</ElementName><required>true</required><NameAttribute z:Ref="i43"/></URDFElement><URDFElement z:Id="i44" i:type="ChildLink"><Attributes><Attribute z:Id="i45"><AttributeType>link</AttributeType><IsRequired>true</IsRequired><Value i:type="a:string" xmlns:a="http://www.w3.org/2001/XMLSchema"/></Attribute></Attributes><ChildElements/><ElementName>child</ElementName><required>true</required><NameAttribute z:Ref="i45"/></URDFElement><URDFElement z:Id="i46" i:type="Axis"><Attributes><Attribute z:Id="i47"><AttributeType>xyz</AttributeType><IsRequired>true</IsRequired><Value i:type="a:ArrayOfdouble" xmlns:a="http://schemas.microsoft.com/2003/10/Serialization/Arrays"><a:double>0</a:double><a:double>0</a:double><a:double>0</a:double></Value></Attribute></Attributes><ChildElements/><ElementName>axis</ElementName><required>false</required><XYZAttribute z:Ref="i47"/></URDFElement><URDFElement z:Id="i48" i:type="Limit"><Attributes><Attribute z:Id="i49"><AttributeType>lower</AttributeType><IsRequired>false</IsRequired><Value i:nil="true"/></Attribute><Attribute z:Id="i50"><AttributeType>upper</AttributeType><IsRequired>false</IsRequired><Value i:nil="true"/></Attribute><Attribute z:Id="i51"><AttributeType>effort</AttributeType><IsRequired>true</IsRequired><Value i:nil="true"/></Attribute><Attribute z:Id="i52"><AttributeType>velocity</AttributeType><IsRequired>true</IsRequired><Value i:nil="true"/></Attribute></Attributes><ChildElements/><ElementName>limit</ElementName><required>false</required><EffortAttribute z:Ref="i51"/><LowerAttribute z:Ref="i49"/><UpperAttribute z:Ref="i50"/><VelocityAttribute z:Ref="i52"/></URDFElement><URDFElement z:Id="i53" i:type="Calibration"><Attributes><Attribute z:Id="i54"><AttributeType>rising</AttributeType><IsRequired>false</IsRequired><Value i:nil="true"/></Attribute><Attribute z:Id="i55"><AttributeType>falling</AttributeType><IsRequired>false</IsRequired><Value i:nil="true"/></Attribute></Attributes><ChildElements/><ElementName>calibration</ElementName><required>false</required><FallingAttribute z:Ref="i55"/><RisingAttribute z:Ref="i54"/></URDFElement><URDFElement z:Id="i56" i:type="Dynamics"><Attributes><Attribute z:Id="i57"><AttributeType>damping</AttributeType><IsRequired>false</IsRequired><Value i:nil="true"/></Attribute><Attribute z:Id="i58"><AttributeType>friction</AttributeType><IsRequired>false</IsRequired><Value i:nil="true"/></Attribute></Attributes><ChildElements/><ElementName>dynamics</ElementName><required>false</required><DampingAttribute z:Ref="i57"/><FrictionAttribute z:Ref="i58"/></URDFElement><URDFElement z:Id="i59" i:type="SafetyController"><Attributes><Attribute z:Id="i60"><AttributeType>soft_upper_limit</AttributeType><IsRequired>false</IsRequired><Value i:nil="true"/></Attribute><Attribute z:Id="i61"><AttributeType>soft_lower_limit</AttributeType><IsRequired>false</IsRequired><Value i:nil="true"/></Attribute><Attribute z:Id="i62"><AttributeType>k_position</AttributeType><IsRequired>false</IsRequired><Value i:nil="true"/></Attribute><Attribute z:Id="i63"><AttributeType>k_velocity</AttributeType><IsRequired>true</IsRequired><Value i:nil="true"/></Attribute></Attributes><ChildElements/><ElementName>safety_controller</ElementName><required>false</required><KPositionAttribute z:Ref="i62"/><KVelocityAttribute z:Ref="i63"/><SoftLowerAttribute z:Ref="i61"/><SoftUpperAttribute z:Ref="i60"/></URDFElement><URDFElement z:Id="i64" i:type="Mimic"><Attributes><Attribute z:Id="i65"><AttributeType>joint</AttributeType><IsRequired>true</IsRequired><Value i:nil="true"/></Attribute><Attribute z:Id="i66"><AttributeType>multiplier</AttributeType><IsRequired>false</IsRequired><Value i:nil="true"/></Attribute><Attribute z:Id="i67"><AttributeType>offset</AttributeType><IsRequired>false</IsRequired><Value i:nil="true"/></Attribute></Attributes><ChildElements/><ElementName>mimic</ElementName><required>false</required><JointNameAttribute z:Ref="i65"/><MultiplierAttribute z:Ref="i66"/><OffsetAttribute z:Ref="i67"/></URDFElement></ChildElements><ElementName>joint</ElementName><required>false</required><Axis z:Ref="i46"/><AxisName/><Calibration z:Ref="i53"/><Child z:Ref="i44"/><CoordinateSystemName>?????????0/1</CoordinateSystemName><Dynamics z:Ref="i56"/><Limit z:Ref="i48"/><Mimic z:Ref="i64"/><NameAttribute z:Ref="i37"/><Origin z:Ref="i39"/><Parent z:Ref="i42"/><Safety z:Ref="i59"/><TypeAttribute z:Ref="i38"/></URDFElement></ChildElements><ElementName>link</ElementName><required>true</required><Children><Link z:Id="i68"><Attributes><Attribute z:Id="i69"><AttributeType>name</AttributeType><IsRequired>true</IsRequired><Value i:type="a:string" xmlns:a="http://www.w3.org/2001/XMLSchema">link1</Value></Attribute></Attributes><ChildElements><URDFElement z:Id="i70" i:type="Inertial"><Attributes/><ChildElements><URDFElement z:Id="i71" i:type="Origin"><Attributes><Attribute z:Id="i72"><AttributeType>xyz</AttributeType><IsRequired>true</IsRequired><Value i:type="a:ArrayOfdouble" xmlns:a="http://schemas.microsoft.com/2003/10/Serialization/Arrays"><a:double>0</a:double><a:double>0</a:double><a:double>0</a:double></Value></Attribute><Attribute z:Id="i73"><AttributeType>rpy</AttributeType><IsRequired>true</IsRequired><Value i:type="a:ArrayOfdouble" xmlns:a="http://schemas.microsoft.com/2003/10/Serialization/Arrays"><a:double>0</a:double><a:double>0</a:double><a:double>0</a:double></Value></Attribute></Attributes><ChildElements/><ElementName>origin</ElementName><required>false</required><RPYAttribute z:Ref="i73"/><XYZAttribute z:Ref="i72"/><isCustomized>false</isCustomized></URDFElement><URDFElement z:Id="i74" i:type="Mass"><Attributes><Attribute z:Id="i75"><AttributeType>value</AttributeType><IsRequired>true</IsRequired><Value i:type="a:double" xmlns:a="http://www.w3.org/2001/XMLSchema">0</Value></Attribute></Attributes><ChildElements/><ElementName>mass</ElementName><required>false</required><ValueAttribute z:Ref="i75"/></URDFElement><URDFElement z:Id="i76" i:type="Inertia"><Attributes><Attribute z:Id="i77"><AttributeType>ixx</AttributeType><IsRequired>true</IsRequired><Value i:type="a:double" xmlns:a="http://www.w3.org/2001/XMLSchema">0</Value></Attribute><Attribute z:Id="i78"><AttributeType>ixy</AttributeType><IsRequired>true</IsRequired><Value i:type="a:double" xmlns:a="http://www.w3.org/2001/XMLSchema">0</Value></Attribute><Attribute z:Id="i79"><AttributeType>ixz</AttributeType><IsRequired>true</IsRequired><Value i:type="a:double" xmlns:a="http://www.w3.org/2001/XMLSchema">0</Value></Attribute><Attribute z:Id="i80"><AttributeType>iyy</AttributeType><IsRequired>true</IsRequired><Value i:type="a:double" xmlns:a="http://www.w3.org/2001/XMLSchema">0</Value></Attribute><Attribute z:Id="i81"><AttributeType>iyz</AttributeType><IsRequired>true</IsRequired><Value i:type="a:double" xmlns:a="http://www.w3.org/2001/XMLSchema">0</Value></Attribute><Attribute z:Id="i82"><AttributeType>izz</AttributeType><IsRequired>true</IsRequired><Value i:type="a:double" xmlns:a="http://www.w3.org/2001/XMLSchema">0</Value></Attribute></Attributes><ChildElements/><ElementName>inertia</ElementName><required>false</required><IxxAttribute z:Ref="i77"/><IxyAttribute z:Ref="i78"/><IxzAttribute z:Ref="i79"/><IyyAttribute z:Ref="i80"/><IyzAttribute z:Ref="i81"/><IzzAttribute z:Ref="i82"/></URDFElement></ChildElements><ElementName>inertial</ElementName><required>false</required><Inertia z:Ref="i76"/><Mass z:Ref="i74"/><Origin z:Ref="i71"/></URDFElement><URDFElement z:Id="i83" i:type="Visual"><Attributes/><ChildElements><URDFElement z:Id="i84" i:type="Origin"><Attributes><Attribute z:Id="i85"><AttributeType>xyz</AttributeType><IsRequired>true</IsRequired><Value i:type="a:ArrayOfdouble" xmlns:a="http://schemas.microsoft.com/2003/10/Serialization/Arrays"><a:double>0</a:double><a:double>0</a:double><a:double>0</a:double></Value></Attribute><Attribute z:Id="i86"><AttributeType>rpy</AttributeType><IsRequired>true</IsRequired><Value i:type="a:ArrayOfdouble" xmlns:a="http://schemas.microsoft.com/2003/10/Serialization/Arrays"><a:double>0</a:double><a:double>0</a:double><a:double>0</a:double></Value></Attribute></Attributes><ChildElements/><ElementName>origin</ElementName><required>false</required><RPYAttribute z:Ref="i86"/><XYZAttribute z:Ref="i85"/><isCustomized>false</isCustomized></URDFElement><URDFElement z:Id="i87" i:type="Geometry"><Attributes/><ChildElements><URDFElement z:Id="i88" i:type="Mesh"><Attributes><Attribute z:Id="i89"><AttributeType>filename</AttributeType><IsRequired>true</IsRequired><Value i:nil="true"/></Attribute></Attributes><ChildElements/><ElementName>mesh</ElementName><required>false</required><FilenameAttribute z:Ref="i89"/></URDFElement></ChildElements><ElementName>geometry</ElementName><required>true</required><Mesh z:Ref="i88"/></URDFElement><URDFElement z:Id="i90" i:type="Material"><Attributes><Attribute z:Id="i91"><AttributeType>name</AttributeType><IsRequired>true</IsRequired><Value i:type="a:string" xmlns:a="http://www.w3.org/2001/XMLSchema"/></Attribute></Attributes><ChildElements><URDFElement z:Id="i92" i:type="Color"><Attributes><Attribute z:Id="i93"><AttributeType>rgba</AttributeType><IsRequired>true</IsRequired><Value i:type="a:ArrayOfdouble" xmlns:a="http://schemas.microsoft.com/2003/10/Serialization/Arrays"><a:double>1</a:double><a:double>1</a:double><a:double>1</a:double><a:double>1</a:double></Value></Attribute></Attributes><ChildElements/><ElementName>color</ElementName><required>false</required><RGBAAttribute z:Ref="i93"/></URDFElement><URDFElement z:Id="i94" i:type="Texture"><Attributes><Attribute z:Id="i95"><AttributeType>filename</AttributeType><IsRequired>true</IsRequired><Value i:nil="true"/></Attribute></Attributes><ChildElements/><ElementName>texture</ElementName><required>false</required><FilenameAttribute z:Ref="i95"/><wFilename/></URDFElement></ChildElements><ElementName>material</ElementName><required>false</required><Color z:Ref="i92"/><NameAttribute z:Ref="i91"/><Texture z:Ref="i94"/></URDFElement></ChildElements><ElementName>visual</ElementName><required>false</required><Geometry z:Ref="i87"/><Material z:Ref="i90"/><Origin z:Ref="i84"/></URDFElement><URDFElement z:Id="i96" i:type="Collision"><Attributes/><ChildElements><URDFElement z:Id="i97" i:type="Origin"><Attributes><Attribute z:Id="i98"><AttributeType>xyz</AttributeType><IsRequired>true</IsRequired><Value i:type="a:ArrayOfdouble" xmlns:a="http://schemas.microsoft.com/2003/10/Serialization/Arrays"><a:double>0</a:double><a:double>0</a:double><a:double>0</a:double></Value></Attribute><Attribute z:Id="i99"><AttributeType>rpy</AttributeType><IsRequired>true</IsRequired><Value i:type="a:ArrayOfdouble" xmlns:a="http://schemas.microsoft.com/2003/10/Serialization/Arrays"><a:double>0</a:double><a:double>0</a:double><a:double>0</a:double></Value></Attribute></Attributes><ChildElements/><ElementName>origin</ElementName><required>false</required><RPYAttribute z:Ref="i99"/><XYZAttribute z:Ref="i98"/><isCustomized>false</isCustomized></URDFElement><URDFElement z:Id="i100" i:type="Geometry"><Attributes/><ChildElements><URDFElement z:Id="i101" i:type="Mesh"><Attributes><Attribute z:Id="i102"><AttributeType>filename</AttributeType><IsRequired>true</IsRequired><Value i:nil="true"/></Attribute></Attributes><ChildElements/><ElementName>mesh</ElementName><required>false</required><FilenameAttribute z:Ref="i102"/></URDFElement></ChildElements><ElementName>geometry</ElementName><required>true</required><Mesh z:Ref="i101"/></URDFElement></ChildElements><ElementName>collision</ElementName><required>false</required><Geometry z:Ref="i100"/><Origin z:Ref="i97"/></URDFElement><URDFElement z:Id="i103" i:type="Joint"><Attributes><Attribute z:Id="i104"><AttributeType>name</AttributeType><IsRequired>true</IsRequired><Value i:type="a:string" xmlns:a="http://www.w3.org/2001/XMLSchema">joint1</Value></Attribute><Attribute z:Id="i105"><AttributeType>type</AttributeType><IsRequired>true</IsRequired><Value i:type="a:string" xmlns:a="http://www.w3.org/2001/XMLSchema">revolute</Value></Attribute></Attributes><ChildElements><URDFElement z:Id="i106" i:type="Origin"><Attributes><Attribute z:Id="i107"><AttributeType>xyz</AttributeType><IsRequired>true</IsRequired><Value i:type="a:ArrayOfdouble" xmlns:a="http://schemas.microsoft.com/2003/10/Serialization/Arrays"><a:double>0</a:double><a:double>0</a:double><a:double>0</a:double></Value></Attribute><Attribute z:Id="i108"><AttributeType>rpy</AttributeType><IsRequired>true</IsRequired><Value i:type="a:ArrayOfdouble" xmlns:a="http://schemas.microsoft.com/2003/10/Serialization/Arrays"><a:double>0</a:double><a:double>0</a:double><a:double>0</a:double></Value></Attribute></Attributes><ChildElements/><ElementName>origin</ElementName><required>false</required><RPYAttribute z:Ref="i108"/><XYZAttribute z:Ref="i107"/><isCustomized>false</isCustomized></URDFElement><URDFElement z:Id="i109" i:type="ParentLink"><Attributes><Attribute z:Id="i110"><AttributeType>link</AttributeType><IsRequired>true</IsRequired><Value i:type="a:string" xmlns:a="http://www.w3.org/2001/XMLSchema"/></Attribute></Attributes><ChildElements/><ElementName>parent</ElementName><required>true</required><NameAttribute z:Ref="i110"/></URDFElement><URDFElement z:Id="i111" i:type="ChildLink"><Attributes><Attribute z:Id="i112"><AttributeType>link</AttributeType><IsRequired>true</IsRequired><Value i:type="a:string" xmlns:a="http://www.w3.org/2001/XMLSchema"/></Attribute></Attributes><ChildElements/><ElementName>child</ElementName><required>true</required><NameAttribute z:Ref="i112"/></URDFElement><URDFElement z:Id="i113" i:type="Axis"><Attributes><Attribute z:Id="i114"><AttributeType>xyz</AttributeType><IsRequired>true</IsRequired><Value i:type="a:ArrayOfdouble" xmlns:a="http://schemas.microsoft.com/2003/10/Serialization/Arrays"><a:double>0</a:double><a:double>0</a:double><a:double>0</a:double></Value></Attribute></Attributes><ChildElements/><ElementName>axis</ElementName><required>false</required><XYZAttribute z:Ref="i114"/></URDFElement><URDFElement z:Id="i115" i:type="Limit"><Attributes><Attribute z:Id="i116"><AttributeType>lower</AttributeType><IsRequired>false</IsRequired><Value i:nil="true"/></Attribute><Attribute z:Id="i117"><AttributeType>upper</AttributeType><IsRequired>false</IsRequired><Value i:nil="true"/></Attribute><Attribute z:Id="i118"><AttributeType>effort</AttributeType><IsRequired>true</IsRequired><Value i:nil="true"/></Attribute><Attribute z:Id="i119"><AttributeType>velocity</AttributeType><IsRequired>true</IsRequired><Value i:nil="true"/></Attribute></Attributes><ChildElements/><ElementName>limit</ElementName><required>false</required><EffortAttribute z:Ref="i118"/><LowerAttribute z:Ref="i116"/><UpperAttribute z:Ref="i117"/><VelocityAttribute z:Ref="i119"/></URDFElement><URDFElement z:Id="i120" i:type="Calibration"><Attributes><Attribute z:Id="i121"><AttributeType>rising</AttributeType><IsRequired>false</IsRequired><Value i:nil="true"/></Attribute><Attribute z:Id="i122"><AttributeType>falling</AttributeType><IsRequired>false</IsRequired><Value i:nil="true"/></Attribute></Attributes><ChildElements/><ElementName>calibration</ElementName><required>false</required><FallingAttribute z:Ref="i122"/><RisingAttribute z:Ref="i121"/></URDFElement><URDFElement z:Id="i123" i:type="Dynamics"><Attributes><Attribute z:Id="i124"><AttributeType>damping</AttributeType><IsRequired>false</IsRequired><Value i:nil="true"/></Attribute><Attribute z:Id="i125"><AttributeType>friction</AttributeType><IsRequired>false</IsRequired><Value i:nil="true"/></Attribute></Attributes><ChildElements/><ElementName>dynamics</ElementName><required>false</required><DampingAttribute z:Ref="i124"/><FrictionAttribute z:Ref="i125"/></URDFElement><URDFElement z:Id="i126" i:type="SafetyController"><Attributes><Attribute z:Id="i127"><AttributeType>soft_upper_limit</AttributeType><IsRequired>false</IsRequired><Value i:nil="true"/></Attribute><Attribute z:Id="i128"><AttributeType>soft_lower_limit</AttributeType><IsRequired>false</IsRequired><Value i:nil="true"/></Attribute><Attribute z:Id="i129"><AttributeType>k_position</AttributeType><IsRequired>false</IsRequired><Value i:nil="true"/></Attribute><Attribute z:Id="i130"><AttributeType>k_velocity</AttributeType><IsRequired>true</IsRequired><Value i:nil="true"/></Attribute></Attributes><ChildElements/><ElementName>safety_controller</ElementName><required>false</required><KPositionAttribute z:Ref="i129"/><KVelocityAttribute z:Ref="i130"/><SoftLowerAttribute z:Ref="i128"/><SoftUpperAttribute z:Ref="i127"/></URDFElement><URDFElement z:Id="i131" i:type="Mimic"><Attributes><Attribute z:Id="i132"><AttributeType>joint</AttributeType><IsRequired>true</IsRequired><Value i:nil="true"/></Attribute><Attribute z:Id="i133"><AttributeType>multiplier</AttributeType><IsRequired>false</IsRequired><Value i:nil="true"/></Attribute><Attribute z:Id="i134"><AttributeType>offset</AttributeType><IsRequired>false</IsRequired><Value i:nil="true"/></Attribute></Attributes><ChildElements/><ElementName>mimic</ElementName><required>false</required><JointNameAttribute z:Ref="i132"/><MultiplierAttribute z:Ref="i133"/><OffsetAttribute z:Ref="i134"/></URDFElement></ChildElements><ElementName>joint</ElementName><required>false</required><Axis z:Ref="i113"/><AxisName>?????????1</AxisName><Calibration z:Ref="i120"/><Child z:Ref="i111"/><CoordinateSystemName>?????????0/1</CoordinateSystemName><Dynamics z:Ref="i123"/><Limit z:Ref="i115"/><Mimic z:Ref="i131"/><NameAttribute z:Ref="i104"/><Origin z:Ref="i106"/><Parent z:Ref="i109"/><Safety z:Ref="i126"/><TypeAttribute z:Ref="i105"/></URDFElement></ChildElements><ElementName>link</ElementName><required>true</required><Children><Link z:Id="i135"><Attributes><Attribute z:Id="i136"><AttributeType>name</AttributeType><IsRequired>true</IsRequired><Value i:type="a:string" xmlns:a="http://www.w3.org/2001/XMLSchema">link2</Value></Attribute></Attributes><ChildElements><URDFElement z:Id="i137" i:type="Inertial"><Attributes/><ChildElements><URDFElement z:Id="i138" i:type="Origin"><Attributes><Attribute z:Id="i139"><AttributeType>xyz</AttributeType><IsRequired>true</IsRequired><Value i:type="a:ArrayOfdouble" xmlns:a="http://schemas.microsoft.com/2003/10/Serialization/Arrays"><a:double>0</a:double><a:double>0</a:double><a:double>0</a:double></Value></Attribute><Attribute z:Id="i140"><AttributeType>rpy</AttributeType><IsRequired>true</IsRequired><Value i:type="a:ArrayOfdouble" xmlns:a="http://schemas.microsoft.com/2003/10/Serialization/Arrays"><a:double>0</a:double><a:double>0</a:double><a:double>0</a:double></Value></Attribute></Attributes><ChildElements/><ElementName>origin</ElementName><required>false</required><RPYAttribute z:Ref="i140"/><XYZAttribute z:Ref="i139"/><isCustomized>false</isCustomized></URDFElement><URDFElement z:Id="i141" i:type="Mass"><Attributes><Attribute z:Id="i142"><AttributeType>value</AttributeType><IsRequired>true</IsRequired><Value i:type="a:double" xmlns:a="http://www.w3.org/2001/XMLSchema">0</Value></Attribute></Attributes><ChildElements/><ElementName>mass</ElementName><required>false</required><ValueAttribute z:Ref="i142"/></URDFElement><URDFElement z:Id="i143" i:type="Inertia"><Attributes><Attribute z:Id="i144"><AttributeType>ixx</AttributeType><IsRequired>true</IsRequired><Value i:type="a:double" xmlns:a="http://www.w3.org/2001/XMLSchema">0</Value></Attribute><Attribute z:Id="i145"><AttributeType>ixy</AttributeType><IsRequired>true</IsRequired><Value i:type="a:double" xmlns:a="http://www.w3.org/2001/XMLSchema">0</Value></Attribute><Attribute z:Id="i146"><AttributeType>ixz</AttributeType><IsRequired>true</IsRequired><Value i:type="a:double" xmlns:a="http://www.w3.org/2001/XMLSchema">0</Value></Attribute><Attribute z:Id="i147"><AttributeType>iyy</AttributeType><IsRequired>true</IsRequired><Value i:type="a:double" xmlns:a="http://www.w3.org/2001/XMLSchema">0</Value></Attribute><Attribute z:Id="i148"><AttributeType>iyz</AttributeType><IsRequired>true</IsRequired><Value i:type="a:double" xmlns:a="http://www.w3.org/2001/XMLSchema">0</Value></Attribute><Attribute z:Id="i149"><AttributeType>izz</AttributeType><IsRequired>true</IsRequired><Value i:type="a:double" xmlns:a="http://www.w3.org/2001/XMLSchema">0</Value></Attribute></Attributes><ChildElements/><ElementName>inertia</ElementName><required>false</required><IxxAttribute z:Ref="i144"/><IxyAttribute z:Ref="i145"/><IxzAttribute z:Ref="i146"/><IyyAttribute z:Ref="i147"/><IyzAttribute z:Ref="i148"/><IzzAttribute z:Ref="i149"/></URDFElement></ChildElements><ElementName>inertial</ElementName><required>false</required><Inertia z:Ref="i143"/><Mass z:Ref="i141"/><Origin z:Ref="i138"/></URDFElement><URDFElement z:Id="i150" i:type="Visual"><Attributes/><ChildElements><URDFElement z:Id="i151" i:type="Origin"><Attributes><Attribute z:Id="i152"><AttributeType>xyz</AttributeType><IsRequired>true</IsRequired><Value i:type="a:ArrayOfdouble" xmlns:a="http://schemas.microsoft.com/2003/10/Serialization/Arrays"><a:double>0</a:double><a:double>0</a:double><a:double>0</a:double></Value></Attribute><Attribute z:Id="i153"><AttributeType>rpy</AttributeType><IsRequired>true</IsRequired><Value i:type="a:ArrayOfdouble" xmlns:a="http://schemas.microsoft.com/2003/10/Serialization/Arrays"><a:double>0</a:double><a:double>0</a:double><a:double>0</a:double></Value></Attribute></Attributes><ChildElements/><ElementName>origin</ElementName><required>false</required><RPYAttribute z:Ref="i153"/><XYZAttribute z:Ref="i152"/><isCustomized>false</isCustomized></URDFElement><URDFElement z:Id="i154" i:type="Geometry"><Attributes/><ChildElements><URDFElement z:Id="i155" i:type="Mesh"><Attributes><Attribute z:Id="i156"><AttributeType>filename</AttributeType><IsRequired>true</IsRequired><Value i:nil="true"/></Attribute></Attributes><ChildElements/><ElementName>mesh</ElementName><required>false</required><FilenameAttribute z:Ref="i156"/></URDFElement></ChildElements><ElementName>geometry</ElementName><required>true</required><Mesh z:Ref="i155"/></URDFElement><URDFElement z:Id="i157" i:type="Material"><Attributes><Attribute z:Id="i158"><AttributeType>name</AttributeType><IsRequired>true</IsRequired><Value i:type="a:string" xmlns:a="http://www.w3.org/2001/XMLSchema"/></Attribute></Attributes><ChildElements><URDFElement z:Id="i159" i:type="Color"><Attributes><Attribute z:Id="i160"><AttributeType>rgba</AttributeType><IsRequired>true</IsRequired><Value i:type="a:ArrayOfdouble" xmlns:a="http://schemas.microsoft.com/2003/10/Serialization/Arrays"><a:double>1</a:double><a:double>1</a:double><a:double>1</a:double><a:double>1</a:double></Value></Attribute></Attributes><ChildElements/><ElementName>color</ElementName><required>false</required><RGBAAttribute z:Ref="i160"/></URDFElement><URDFElement z:Id="i161" i:type="Texture"><Attributes><Attribute z:Id="i162"><AttributeType>filename</AttributeType><IsRequired>true</IsRequired><Value i:nil="true"/></Attribute></Attributes><ChildElements/><ElementName>texture</ElementName><required>false</required><FilenameAttribute z:Ref="i162"/><wFilename/></URDFElement></ChildElements><ElementName>material</ElementName><required>false</required><Color z:Ref="i159"/><NameAttribute z:Ref="i158"/><Texture z:Ref="i161"/></URDFElement></ChildElements><ElementName>visual</ElementName><required>false</required><Geometry z:Ref="i154"/><Material z:Ref="i157"/><Origin z:Ref="i151"/></URDFElement><URDFElement z:Id="i163" i:type="Collision"><Attributes/><ChildElements><URDFElement z:Id="i164" i:type="Origin"><Attributes><Attribute z:Id="i165"><AttributeType>xyz</AttributeType><IsRequired>true</IsRequired><Value i:type="a:ArrayOfdouble" xmlns:a="http://schemas.microsoft.com/2003/10/Serialization/Arrays"><a:double>0</a:double><a:double>0</a:double><a:double>0</a:double></Value></Attribute><Attribute z:Id="i166"><AttributeType>rpy</AttributeType><IsRequired>true</IsRequired><Value i:type="a:ArrayOfdouble" xmlns:a="http://schemas.microsoft.com/2003/10/Serialization/Arrays"><a:double>0</a:double><a:double>0</a:double><a:double>0</a:double></Value></Attribute></Attributes><ChildElements/><ElementName>origin</ElementName><required>false</required><RPYAttribute z:Ref="i166"/><XYZAttribute z:Ref="i165"/><isCustomized>false</isCustomized></URDFElement><URDFElement z:Id="i167" i:type="Geometry"><Attributes/><ChildElements><URDFElement z:Id="i168" i:type="Mesh"><Attributes><Attribute z:Id="i169"><AttributeType>filename</AttributeType><IsRequired>true</IsRequired><Value i:nil="true"/></Attribute></Attributes><ChildElements/><ElementName>mesh</ElementName><required>false</required><FilenameAttribute z:Ref="i169"/></URDFElement></ChildElements><ElementName>geometry</ElementName><required>true</required><Mesh z:Ref="i168"/></URDFElement></ChildElements><ElementName>collision</ElementName><required>false</required><Geometry z:Ref="i167"/><Origin z:Ref="i164"/></URDFElement><URDFElement z:Id="i170" i:type="Joint"><Attributes><Attribute z:Id="i171"><AttributeType>name</AttributeType><IsRequired>true</IsRequired><Value i:type="a:string" xmlns:a="http://www.w3.org/2001/XMLSchema">joint2</Value></Attribute><Attribute z:Id="i172"><AttributeType>type</AttributeType><IsRequired>true</IsRequired><Value i:type="a:string" xmlns:a="http://www.w3.org/2001/XMLSchema">revolute</Value></Attribute></Attributes><ChildElements><URDFElement z:Id="i173" i:type="Origin"><Attributes><Attribute z:Id="i174"><AttributeType>xyz</AttributeType><IsRequired>true</IsRequired><Value i:type="a:ArrayOfdouble" xmlns:a="http://schemas.microsoft.com/2003/10/Serialization/Arrays"><a:double>0</a:double><a:double>0</a:double><a:double>0</a:double></Value></Attribute><Attribute z:Id="i175"><AttributeType>rpy</AttributeType><IsRequired>true</IsRequired><Value i:type="a:ArrayOfdouble" xmlns:a="http://schemas.microsoft.com/2003/10/Serialization/Arrays"><a:double>0</a:double><a:double>0</a:double><a:double>0</a:double></Value></Attribute></Attributes><ChildElements/><ElementName>origin</ElementName><required>false</required><RPYAttribute z:Ref="i175"/><XYZAttribute z:Ref="i174"/><isCustomized>false</isCustomized></URDFElement><URDFElement z:Id="i176" i:type="ParentLink"><Attributes><Attribute z:Id="i177"><AttributeType>link</AttributeType><IsRequired>true</IsRequired><Value i:type="a:string" xmlns:a="http://www.w3.org/2001/XMLSchema"/></Attribute></Attributes><ChildElements/><ElementName>parent</ElementName><required>true</required><NameAttribute z:Ref="i177"/></URDFElement><URDFElement z:Id="i178" i:type="ChildLink"><Attributes><Attribute z:Id="i179"><AttributeType>link</AttributeType><IsRequired>true</IsRequired><Value i:type="a:string" xmlns:a="http://www.w3.org/2001/XMLSchema"/></Attribute></Attributes><ChildElements/><ElementName>child</ElementName><required>true</required><NameAttribute z:Ref="i179"/></URDFElement><URDFElement z:Id="i180" i:type="Axis"><Attributes><Attribute z:Id="i181"><AttributeType>xyz</AttributeType><IsRequired>true</IsRequired><Value i:type="a:ArrayOfdouble" xmlns:a="http://schemas.microsoft.com/2003/10/Serialization/Arrays"><a:double>0</a:double><a:double>0</a:double><a:double>0</a:double></Value></Attribute></Attributes><ChildElements/><ElementName>axis</ElementName><required>false</required><XYZAttribute z:Ref="i181"/></URDFElement><URDFElement z:Id="i182" i:type="Limit"><Attributes><Attribute z:Id="i183"><AttributeType>lower</AttributeType><IsRequired>false</IsRequired><Value i:nil="true"/></Attribute><Attribute z:Id="i184"><AttributeType>upper</AttributeType><IsRequired>false</IsRequired><Value i:nil="true"/></Attribute><Attribute z:Id="i185"><AttributeType>effort</AttributeType><IsRequired>true</IsRequired><Value i:nil="true"/></Attribute><Attribute z:Id="i186"><AttributeType>velocity</AttributeType><IsRequired>true</IsRequired><Value i:nil="true"/></Attribute></Attributes><ChildElements/><ElementName>limit</ElementName><required>false</required><EffortAttribute z:Ref="i185"/><LowerAttribute z:Ref="i183"/><UpperAttribute z:Ref="i184"/><VelocityAttribute z:Ref="i186"/></URDFElement><URDFElement z:Id="i187" i:type="Calibration"><Attributes><Attribute z:Id="i188"><AttributeType>rising</AttributeType><IsRequired>false</IsRequired><Value i:nil="true"/></Attribute><Attribute z:Id="i189"><AttributeType>falling</AttributeType><IsRequired>false</IsRequired><Value i:nil="true"/></Attribute></Attributes><ChildElements/><ElementName>calibration</ElementName><required>false</required><FallingAttribute z:Ref="i189"/><RisingAttribute z:Ref="i188"/></URDFElement><URDFElement z:Id="i190" i:type="Dynamics"><Attributes><Attribute z:Id="i191"><AttributeType>damping</AttributeType><IsRequired>false</IsRequired><Value i:nil="true"/></Attribute><Attribute z:Id="i192"><AttributeType>friction</AttributeType><IsRequired>false</IsRequired><Value i:nil="true"/></Attribute></Attributes><ChildElements/><ElementName>dynamics</ElementName><required>false</required><DampingAttribute z:Ref="i191"/><FrictionAttribute z:Ref="i192"/></URDFElement><URDFElement z:Id="i193" i:type="SafetyController"><Attributes><Attribute z:Id="i194"><AttributeType>soft_upper_limit</AttributeType><IsRequired>false</IsRequired><Value i:nil="true"/></Attribute><Attribute z:Id="i195"><AttributeType>soft_lower_limit</AttributeType><IsRequired>false</IsRequired><Value i:nil="true"/></Attribute><Attribute z:Id="i196"><AttributeType>k_position</AttributeType><IsRequired>false</IsRequired><Value i:nil="true"/></Attribute><Attribute z:Id="i197"><AttributeType>k_velocity</AttributeType><IsRequired>true</IsRequired><Value i:nil="true"/></Attribute></Attributes><ChildElements/><ElementName>safety_controller</ElementName><required>false</required><KPositionAttribute z:Ref="i196"/><KVelocityAttribute z:Ref="i197"/><SoftLowerAttribute z:Ref="i195"/><SoftUpperAttribute z:Ref="i194"/></URDFElement><URDFElement z:Id="i198" i:type="Mimic"><Attributes><Attribute z:Id="i199"><AttributeType>joint</AttributeType><IsRequired>true</IsRequired><Value i:nil="true"/></Attribute><Attribute z:Id="i200"><AttributeType>multiplier</AttributeType><IsRequired>false</IsRequired><Value i:nil="true"/></Attribute><Attribute z:Id="i201"><AttributeType>offset</AttributeType><IsRequired>false</IsRequired><Value i:nil="true"/></Attribute></Attributes><ChildElements/><ElementName>mimic</ElementName><required>false</required><JointNameAttribute z:Ref="i199"/><MultiplierAttribute z:Ref="i200"/><OffsetAttribute z:Ref="i201"/></URDFElement></ChildElements><ElementName>joint</ElementName><required>false</required><Axis z:Ref="i180"/><AxisName>?????????2</AxisName><Calibration z:Ref="i187"/><Child z:Ref="i178"/><CoordinateSystemName>?????????2</CoordinateSystemName><Dynamics z:Ref="i190"/><Limit z:Ref="i182"/><Mimic z:Ref="i198"/><NameAttribute z:Ref="i171"/><Origin z:Ref="i173"/><Parent z:Ref="i176"/><Safety z:Ref="i193"/><TypeAttribute z:Ref="i172"/></URDFElement></ChildElements><ElementName>link</ElementName><required>true</required><Children><Link z:Id="i202"><Attributes><Attribute z:Id="i203"><AttributeType>name</AttributeType><IsRequired>true</IsRequired><Value i:type="a:string" xmlns:a="http://www.w3.org/2001/XMLSchema">link3</Value></Attribute></Attributes><ChildElements><URDFElement z:Id="i204" i:type="Inertial"><Attributes/><ChildElements><URDFElement z:Id="i205" i:type="Origin"><Attributes><Attribute z:Id="i206"><AttributeType>xyz</AttributeType><IsRequired>true</IsRequired><Value i:type="a:ArrayOfdouble" xmlns:a="http://schemas.microsoft.com/2003/10/Serialization/Arrays"><a:double>0</a:double><a:double>0</a:double><a:double>0</a:double></Value></Attribute><Attribute z:Id="i207"><AttributeType>rpy</AttributeType><IsRequired>true</IsRequired><Value i:type="a:ArrayOfdouble" xmlns:a="http://schemas.microsoft.com/2003/10/Serialization/Arrays"><a:double>0</a:double><a:double>0</a:double><a:double>0</a:double></Value></Attribute></Attributes><ChildElements/><ElementName>origin</ElementName><required>false</required><RPYAttribute z:Ref="i207"/><XYZAttribute z:Ref="i206"/><isCustomized>false</isCustomized></URDFElement><URDFElement z:Id="i208" i:type="Mass"><Attributes><Attribute z:Id="i209"><AttributeType>value</AttributeType><IsRequired>true</IsRequired><Value i:type="a:double" xmlns:a="http://www.w3.org/2001/XMLSchema">0</Value></Attribute></Attributes><ChildElements/><ElementName>mass</ElementName><required>false</required><ValueAttribute z:Ref="i209"/></URDFElement><URDFElement z:Id="i210" i:type="Inertia"><Attributes><Attribute z:Id="i211"><AttributeType>ixx</AttributeType><IsRequired>true</IsRequired><Value i:type="a:double" xmlns:a="http://www.w3.org/2001/XMLSchema">0</Value></Attribute><Attribute z:Id="i212"><AttributeType>ixy</AttributeType><IsRequired>true</IsRequired><Value i:type="a:double" xmlns:a="http://www.w3.org/2001/XMLSchema">0</Value></Attribute><Attribute z:Id="i213"><AttributeType>ixz</AttributeType><IsRequired>true</IsRequired><Value i:type="a:double" xmlns:a="http://www.w3.org/2001/XMLSchema">0</Value></Attribute><Attribute z:Id="i214"><AttributeType>iyy</AttributeType><IsRequired>true</IsRequired><Value i:type="a:double" xmlns:a="http://www.w3.org/2001/XMLSchema">0</Value></Attribute><Attribute z:Id="i215"><AttributeType>iyz</AttributeType><IsRequired>true</IsRequired><Value i:type="a:double" xmlns:a="http://www.w3.org/2001/XMLSchema">0</Value></Attribute><Attribute z:Id="i216"><AttributeType>izz</AttributeType><IsRequired>true</IsRequired><Value i:type="a:double" xmlns:a="http://www.w3.org/2001/XMLSchema">0</Value></Attribute></Attributes><ChildElements/><ElementName>inertia</ElementName><required>false</required><IxxAttribute z:Ref="i211"/><IxyAttribute z:Ref="i212"/><IxzAttribute z:Ref="i213"/><IyyAttribute z:Ref="i214"/><IyzAttribute z:Ref="i215"/><IzzAttribute z:Ref="i216"/></URDFElement></ChildElements><ElementName>inertial</ElementName><required>false</required><Inertia z:Ref="i210"/><Mass z:Ref="i208"/><Origin z:Ref="i205"/></URDFElement><URDFElement z:Id="i217" i:type="Visual"><Attributes/><ChildElements><URDFElement z:Id="i218" i:type="Origin"><Attributes><Attribute z:Id="i219"><AttributeType>xyz</AttributeType><IsRequired>true</IsRequired><Value i:type="a:ArrayOfdouble" xmlns:a="http://schemas.microsoft.com/2003/10/Serialization/Arrays"><a:double>0</a:double><a:double>0</a:double><a:double>0</a:double></Value></Attribute><Attribute z:Id="i220"><AttributeType>rpy</AttributeType><IsRequired>true</IsRequired><Value i:type="a:ArrayOfdouble" xmlns:a="http://schemas.microsoft.com/2003/10/Serialization/Arrays"><a:double>0</a:double><a:double>0</a:double><a:double>0</a:double></Value></Attribute></Attributes><ChildElements/><ElementName>origin</ElementName><required>false</required><RPYAttribute z:Ref="i220"/><XYZAttribute z:Ref="i219"/><isCustomized>false</isCustomized></URDFElement><URDFElement z:Id="i221" i:type="Geometry"><Attributes/><ChildElements><URDFElement z:Id="i222" i:type="Mesh"><Attributes><Attribute z:Id="i223"><AttributeType>filename</AttributeType><IsRequired>true</IsRequired><Value i:nil="true"/></Attribute></Attributes><ChildElements/><ElementName>mesh</ElementName><required>false</required><FilenameAttribute z:Ref="i223"/></URDFElement></ChildElements><ElementName>geometry</ElementName><required>true</required><Mesh z:Ref="i222"/></URDFElement><URDFElement z:Id="i224" i:type="Material"><Attributes><Attribute z:Id="i225"><AttributeType>name</AttributeType><IsRequired>true</IsRequired><Value i:type="a:string" xmlns:a="http://www.w3.org/2001/XMLSchema"/></Attribute></Attributes><ChildElements><URDFElement z:Id="i226" i:type="Color"><Attributes><Attribute z:Id="i227"><AttributeType>rgba</AttributeType><IsRequired>true</IsRequired><Value i:type="a:ArrayOfdouble" xmlns:a="http://schemas.microsoft.com/2003/10/Serialization/Arrays"><a:double>1</a:double><a:double>1</a:double><a:double>1</a:double><a:double>1</a:double></Value></Attribute></Attributes><ChildElements/><ElementName>color</ElementName><required>false</required><RGBAAttribute z:Ref="i227"/></URDFElement><URDFElement z:Id="i228" i:type="Texture"><Attributes><Attribute z:Id="i229"><AttributeType>filename</AttributeType><IsRequired>true</IsRequired><Value i:nil="true"/></Attribute></Attributes><ChildElements/><ElementName>texture</ElementName><required>false</required><FilenameAttribute z:Ref="i229"/><wFilename/></URDFElement></ChildElements><ElementName>material</ElementName><required>false</required><Color z:Ref="i226"/><NameAttribute z:Ref="i225"/><Texture z:Ref="i228"/></URDFElement></ChildElements><ElementName>visual</ElementName><required>false</required><Geometry z:Ref="i221"/><Material z:Ref="i224"/><Origin z:Ref="i218"/></URDFElement><URDFElement z:Id="i230" i:type="Collision"><Attributes/><ChildElements><URDFElement z:Id="i231" i:type="Origin"><Attributes><Attribute z:Id="i232"><AttributeType>xyz</AttributeType><IsRequired>true</IsRequired><Value i:type="a:ArrayOfdouble" xmlns:a="http://schemas.microsoft.com/2003/10/Serialization/Arrays"><a:double>0</a:double><a:double>0</a:double><a:double>0</a:double></Value></Attribute><Attribute z:Id="i233"><AttributeType>rpy</AttributeType><IsRequired>true</IsRequired><Value i:type="a:ArrayOfdouble" xmlns:a="http://schemas.microsoft.com/2003/10/Serialization/Arrays"><a:double>0</a:double><a:double>0</a:double><a:double>0</a:double></Value></Attribute></Attributes><ChildElements/><ElementName>origin</ElementName><required>false</required><RPYAttribute z:Ref="i233"/><XYZAttribute z:Ref="i232"/><isCustomized>false</isCustomized></URDFElement><URDFElement z:Id="i234" i:type="Geometry"><Attributes/><ChildElements><URDFElement z:Id="i235" i:type="Mesh"><Attributes><Attribute z:Id="i236"><AttributeType>filename</AttributeType><IsRequired>true</IsRequired><Value i:nil="true"/></Attribute></Attributes><ChildElements/><ElementName>mesh</ElementName><required>false</required><FilenameAttribute z:Ref="i236"/></URDFElement></ChildElements><ElementName>geometry</ElementName><required>true</required><Mesh z:Ref="i235"/></URDFElement></ChildElements><ElementName>collision</ElementName><required>false</required><Geometry z:Ref="i234"/><Origin z:Ref="i231"/></URDFElement><URDFElement z:Id="i237" i:type="Joint"><Attributes><Attribute z:Id="i238"><AttributeType>name</AttributeType><IsRequired>true</IsRequired><Value i:type="a:string" xmlns:a="http://www.w3.org/2001/XMLSchema">joint3</Value></Attribute><Attribute z:Id="i239"><AttributeType>type</AttributeType><IsRequired>true</IsRequired><Value i:type="a:string" xmlns:a="http://www.w3.org/2001/XMLSchema">revolute</Value></Attribute></Attributes><ChildElements><URDFElement z:Id="i240" i:type="Origin"><Attributes><Attribute z:Id="i241"><AttributeType>xyz</AttributeType><IsRequired>true</IsRequired><Value i:type="a:ArrayOfdouble" xmlns:a="http://schemas.microsoft.com/2003/10/Serialization/Arrays"><a:double>0</a:double><a:double>0</a:double><a:double>0</a:double></Value></Attribute><Attribute z:Id="i242"><AttributeType>rpy</AttributeType><IsRequired>true</IsRequired><Value i:type="a:ArrayOfdouble" xmlns:a="http://schemas.microsoft.com/2003/10/Serialization/Arrays"><a:double>0</a:double><a:double>0</a:double><a:double>0</a:double></Value></Attribute></Attributes><ChildElements/><ElementName>origin</ElementName><required>false</required><RPYAttribute z:Ref="i242"/><XYZAttribute z:Ref="i241"/><isCustomized>false</isCustomized></URDFElement><URDFElement z:Id="i243" i:type="ParentLink"><Attributes><Attribute z:Id="i244"><AttributeType>link</AttributeType><IsRequired>true</IsRequired><Value i:type="a:string" xmlns:a="http://www.w3.org/2001/XMLSchema"/></Attribute></Attributes><ChildElements/><ElementName>parent</ElementName><required>true</required><NameAttribute z:Ref="i244"/></URDFElement><URDFElement z:Id="i245" i:type="ChildLink"><Attributes><Attribute z:Id="i246"><AttributeType>link</AttributeType><IsRequired>true</IsRequired><Value i:type="a:string" xmlns:a="http://www.w3.org/2001/XMLSchema"/></Attribute></Attributes><ChildElements/><ElementName>child</ElementName><required>true</required><NameAttribute z:Ref="i246"/></URDFElement><URDFElement z:Id="i247" i:type="Axis"><Attributes><Attribute z:Id="i248"><AttributeType>xyz</AttributeType><IsRequired>true</IsRequired><Value i:type="a:ArrayOfdouble" xmlns:a="http://schemas.microsoft.com/2003/10/Serialization/Arrays"><a:double>0</a:double><a:double>0</a:double><a:double>0</a:double></Value></Attribute></Attributes><ChildElements/><ElementName>axis</ElementName><required>false</required><XYZAttribute z:Ref="i248"/></URDFElement><URDFElement z:Id="i249" i:type="Limit"><Attributes><Attribute z:Id="i250"><AttributeType>lower</AttributeType><IsRequired>false</IsRequired><Value i:nil="true"/></Attribute><Attribute z:Id="i251"><AttributeType>upper</AttributeType><IsRequired>false</IsRequired><Value i:nil="true"/></Attribute><Attribute z:Id="i252"><AttributeType>effort</AttributeType><IsRequired>true</IsRequired><Value i:nil="true"/></Attribute><Attribute z:Id="i253"><AttributeType>velocity</AttributeType><IsRequired>true</IsRequired><Value i:nil="true"/></Attribute></Attributes><ChildElements/><ElementName>limit</ElementName><required>false</required><EffortAttribute z:Ref="i252"/><LowerAttribute z:Ref="i250"/><UpperAttribute z:Ref="i251"/><VelocityAttribute z:Ref="i253"/></URDFElement><URDFElement z:Id="i254" i:type="Calibration"><Attributes><Attribute z:Id="i255"><AttributeType>rising</AttributeType><IsRequired>false</IsRequired><Value i:nil="true"/></Attribute><Attribute z:Id="i256"><AttributeType>falling</AttributeType><IsRequired>false</IsRequired><Value i:nil="true"/></Attribute></Attributes><ChildElements/><ElementName>calibration</ElementName><required>false</required><FallingAttribute z:Ref="i256"/><RisingAttribute z:Ref="i255"/></URDFElement><URDFElement z:Id="i257" i:type="Dynamics"><Attributes><Attribute z:Id="i258"><AttributeType>damping</AttributeType><IsRequired>false</IsRequired><Value i:nil="true"/></Attribute><Attribute z:Id="i259"><AttributeType>friction</AttributeType><IsRequired>false</IsRequired><Value i:nil="true"/></Attribute></Attributes><ChildElements/><ElementName>dynamics</ElementName><required>false</required><DampingAttribute z:Ref="i258"/><FrictionAttribute z:Ref="i259"/></URDFElement><URDFElement z:Id="i260" i:type="SafetyController"><Attributes><Attribute z:Id="i261"><AttributeType>soft_upper_limit</AttributeType><IsRequired>false</IsRequired><Value i:nil="true"/></Attribute><Attribute z:Id="i262"><AttributeType>soft_lower_limit</AttributeType><IsRequired>false</IsRequired><Value i:nil="true"/></Attribute><Attribute z:Id="i263"><AttributeType>k_position</AttributeType><IsRequired>false</IsRequired><Value i:nil="true"/></Attribute><Attribute z:Id="i264"><AttributeType>k_velocity</AttributeType><IsRequired>true</IsRequired><Value i:nil="true"/></Attribute></Attributes><ChildElements/><ElementName>safety_controller</ElementName><required>false</required><KPositionAttribute z:Ref="i263"/><KVelocityAttribute z:Ref="i264"/><SoftLowerAttribute z:Ref="i262"/><SoftUpperAttribute z:Ref="i261"/></URDFElement><URDFElement z:Id="i265" i:type="Mimic"><Attributes><Attribute z:Id="i266"><AttributeType>joint</AttributeType><IsRequired>true</IsRequired><Value i:nil="true"/></Attribute><Attribute z:Id="i267"><AttributeType>multiplier</AttributeType><IsRequired>false</IsRequired><Value i:nil="true"/></Attribute><Attribute z:Id="i268"><AttributeType>offset</AttributeType><IsRequired>false</IsRequired><Value i:nil="true"/></Attribute></Attributes><ChildElements/><ElementName>mimic</ElementName><required>false</required><JointNameAttribute z:Ref="i266"/><MultiplierAttribute z:Ref="i267"/><OffsetAttribute z:Ref="i268"/></URDFElement></ChildElements><ElementName>joint</ElementName><required>false</required><Axis z:Ref="i247"/><AxisName>?????????3</AxisName><Calibration z:Ref="i254"/><Child z:Ref="i245"/><CoordinateSystemName>?????????3</CoordinateSystemName><Dynamics z:Ref="i257"/><Limit z:Ref="i249"/><Mimic z:Ref="i265"/><NameAttribute z:Ref="i238"/><Origin z:Ref="i240"/><Parent z:Ref="i243"/><Safety z:Ref="i260"/><TypeAttribute z:Ref="i239"/></URDFElement></ChildElements><ElementName>link</ElementName><required>true</required><Children><Link z:Id="i269"><Attributes><Attribute z:Id="i270"><AttributeType>name</AttributeType><IsRequired>true</IsRequired><Value i:type="a:string" xmlns:a="http://www.w3.org/2001/XMLSchema">link4</Value></Attribute></Attributes><ChildElements><URDFElement z:Id="i271" i:type="Inertial"><Attributes/><ChildElements><URDFElement z:Id="i272" i:type="Origin"><Attributes><Attribute z:Id="i273"><AttributeType>xyz</AttributeType><IsRequired>true</IsRequired><Value i:type="a:ArrayOfdouble" xmlns:a="http://schemas.microsoft.com/2003/10/Serialization/Arrays"><a:double>0</a:double><a:double>0</a:double><a:double>0</a:double></Value></Attribute><Attribute z:Id="i274"><AttributeType>rpy</AttributeType><IsRequired>true</IsRequired><Value i:type="a:ArrayOfdouble" xmlns:a="http://schemas.microsoft.com/2003/10/Serialization/Arrays"><a:double>0</a:double><a:double>0</a:double><a:double>0</a:double></Value></Attribute></Attributes><ChildElements/><ElementName>origin</ElementName><required>false</required><RPYAttribute z:Ref="i274"/><XYZAttribute z:Ref="i273"/><isCustomized>false</isCustomized></URDFElement><URDFElement z:Id="i275" i:type="Mass"><Attributes><Attribute z:Id="i276"><AttributeType>value</AttributeType><IsRequired>true</IsRequired><Value i:type="a:double" xmlns:a="http://www.w3.org/2001/XMLSchema">0</Value></Attribute></Attributes><ChildElements/><ElementName>mass</ElementName><required>false</required><ValueAttribute z:Ref="i276"/></URDFElement><URDFElement z:Id="i277" i:type="Inertia"><Attributes><Attribute z:Id="i278"><AttributeType>ixx</AttributeType><IsRequired>true</IsRequired><Value i:type="a:double" xmlns:a="http://www.w3.org/2001/XMLSchema">0</Value></Attribute><Attribute z:Id="i279"><AttributeType>ixy</AttributeType><IsRequired>true</IsRequired><Value i:type="a:double" xmlns:a="http://www.w3.org/2001/XMLSchema">0</Value></Attribute><Attribute z:Id="i280"><AttributeType>ixz</AttributeType><IsRequired>true</IsRequired><Value i:type="a:double" xmlns:a="http://www.w3.org/2001/XMLSchema">0</Value></Attribute><Attribute z:Id="i281"><AttributeType>iyy</AttributeType><IsRequired>true</IsRequired><Value i:type="a:double" xmlns:a="http://www.w3.org/2001/XMLSchema">0</Value></Attribute><Attribute z:Id="i282"><AttributeType>iyz</AttributeType><IsRequired>true</IsRequired><Value i:type="a:double" xmlns:a="http://www.w3.org/2001/XMLSchema">0</Value></Attribute><Attribute z:Id="i283"><AttributeType>izz</AttributeType><IsRequired>true</IsRequired><Value i:type="a:double" xmlns:a="http://www.w3.org/2001/XMLSchema">0</Value></Attribute></Attributes><ChildElements/><ElementName>inertia</ElementName><required>false</required><IxxAttribute z:Ref="i278"/><IxyAttribute z:Ref="i279"/><IxzAttribute z:Ref="i280"/><IyyAttribute z:Ref="i281"/><IyzAttribute z:Ref="i282"/><IzzAttribute z:Ref="i283"/></URDFElement></ChildElements><ElementName>inertial</ElementName><required>false</required><Inertia z:Ref="i277"/><Mass z:Ref="i275"/><Origin z:Ref="i272"/></URDFElement><URDFElement z:Id="i284" i:type="Visual"><Attributes/><ChildElements><URDFElement z:Id="i285" i:type="Origin"><Attributes><Attribute z:Id="i286"><AttributeType>xyz</AttributeType><IsRequired>true</IsRequired><Value i:type="a:ArrayOfdouble" xmlns:a="http://schemas.microsoft.com/2003/10/Serialization/Arrays"><a:double>0</a:double><a:double>0</a:double><a:double>0</a:double></Value></Attribute><Attribute z:Id="i287"><AttributeType>rpy</AttributeType><IsRequired>true</IsRequired><Value i:type="a:ArrayOfdouble" xmlns:a="http://schemas.microsoft.com/2003/10/Serialization/Arrays"><a:double>0</a:double><a:double>0</a:double><a:double>0</a:double></Value></Attribute></Attributes><ChildElements/><ElementName>origin</ElementName><required>false</required><RPYAttribute z:Ref="i287"/><XYZAttribute z:Ref="i286"/><isCustomized>false</isCustomized></URDFElement><URDFElement z:Id="i288" i:type="Geometry"><Attributes/><ChildElements><URDFElement z:Id="i289" i:type="Mesh"><Attributes><Attribute z:Id="i290"><AttributeType>filename</AttributeType><IsRequired>true</IsRequired><Value i:nil="true"/></Attribute></Attributes><ChildElements/><ElementName>mesh</ElementName><required>false</required><FilenameAttribute z:Ref="i290"/></URDFElement></ChildElements><ElementName>geometry</ElementName><required>true</required><Mesh z:Ref="i289"/></URDFElement><URDFElement z:Id="i291" i:type="Material"><Attributes><Attribute z:Id="i292"><AttributeType>name</AttributeType><IsRequired>true</IsRequired><Value i:type="a:string" xmlns:a="http://www.w3.org/2001/XMLSchema"/></Attribute></Attributes><ChildElements><URDFElement z:Id="i293" i:type="Color"><Attributes><Attribute z:Id="i294"><AttributeType>rgba</AttributeType><IsRequired>true</IsRequired><Value i:type="a:ArrayOfdouble" xmlns:a="http://schemas.microsoft.com/2003/10/Serialization/Arrays"><a:double>1</a:double><a:double>1</a:double><a:double>1</a:double><a:double>1</a:double></Value></Attribute></Attributes><ChildElements/><ElementName>color</ElementName><required>false</required><RGBAAttribute z:Ref="i294"/></URDFElement><URDFElement z:Id="i295" i:type="Texture"><Attributes><Attribute z:Id="i296"><AttributeType>filename</AttributeType><IsRequired>true</IsRequired><Value i:nil="true"/></Attribute></Attributes><ChildElements/><ElementName>texture</ElementName><required>false</required><FilenameAttribute z:Ref="i296"/><wFilename/></URDFElement></ChildElements><ElementName>material</ElementName><required>false</required><Color z:Ref="i293"/><NameAttribute z:Ref="i292"/><Texture z:Ref="i295"/></URDFElement></ChildElements><ElementName>visual</ElementName><required>false</required><Geometry z:Ref="i288"/><Material z:Ref="i291"/><Origin z:Ref="i285"/></URDFElement><URDFElement z:Id="i297" i:type="Collision"><Attributes/><ChildElements><URDFElement z:Id="i298" i:type="Origin"><Attributes><Attribute z:Id="i299"><AttributeType>xyz</AttributeType><IsRequired>true</IsRequired><Value i:type="a:ArrayOfdouble" xmlns:a="http://schemas.microsoft.com/2003/10/Serialization/Arrays"><a:double>0</a:double><a:double>0</a:double><a:double>0</a:double></Value></Attribute><Attribute z:Id="i300"><AttributeType>rpy</AttributeType><IsRequired>true</IsRequired><Value i:type="a:ArrayOfdouble" xmlns:a="http://schemas.microsoft.com/2003/10/Serialization/Arrays"><a:double>0</a:double><a:double>0</a:double><a:double>0</a:double></Value></Attribute></Attributes><ChildElements/><ElementName>origin</ElementName><required>false</required><RPYAttribute z:Ref="i300"/><XYZAttribute z:Ref="i299"/><isCustomized>false</isCustomized></URDFElement><URDFElement z:Id="i301" i:type="Geometry"><Attributes/><ChildElements><URDFElement z:Id="i302" i:type="Mesh"><Attributes><Attribute z:Id="i303"><AttributeType>filename</AttributeType><IsRequired>true</IsRequired><Value i:nil="true"/></Attribute></Attributes><ChildElements/><ElementName>mesh</ElementName><required>false</required><FilenameAttribute z:Ref="i303"/></URDFElement></ChildElements><ElementName>geometry</ElementName><required>true</required><Mesh z:Ref="i302"/></URDFElement></ChildElements><ElementName>collision</ElementName><required>false</required><Geometry z:Ref="i301"/><Origin z:Ref="i298"/></URDFElement><URDFElement z:Id="i304" i:type="Joint"><Attributes><Attribute z:Id="i305"><AttributeType>name</AttributeType><IsRequired>true</IsRequired><Value i:type="a:string" xmlns:a="http://www.w3.org/2001/XMLSchema">joint4</Value></Attribute><Attribute z:Id="i306"><AttributeType>type</AttributeType><IsRequired>true</IsRequired><Value i:type="a:string" xmlns:a="http://www.w3.org/2001/XMLSchema">revolute</Value></Attribute></Attributes><ChildElements><URDFElement z:Id="i307" i:type="Origin"><Attributes><Attribute z:Id="i308"><AttributeType>xyz</AttributeType><IsRequired>true</IsRequired><Value i:type="a:ArrayOfdouble" xmlns:a="http://schemas.microsoft.com/2003/10/Serialization/Arrays"><a:double>0</a:double><a:double>0</a:double><a:double>0</a:double></Value></Attribute><Attribute z:Id="i309"><AttributeType>rpy</AttributeType><IsRequired>true</IsRequired><Value i:type="a:ArrayOfdouble" xmlns:a="http://schemas.microsoft.com/2003/10/Serialization/Arrays"><a:double>0</a:double><a:double>0</a:double><a:double>0</a:double></Value></Attribute></Attributes><ChildElements/><ElementName>origin</ElementName><required>false</required><RPYAttribute z:Ref="i309"/><XYZAttribute z:Ref="i308"/><isCustomized>false</isCustomized></URDFElement><URDFElement z:Id="i310" i:type="ParentLink"><Attributes><Attribute z:Id="i311"><AttributeType>link</AttributeType><IsRequired>true</IsRequired><Value i:type="a:string" xmlns:a="http://www.w3.org/2001/XMLSchema"/></Attribute></Attributes><ChildElements/><ElementName>parent</ElementName><required>true</required><NameAttribute z:Ref="i311"/></URDFElement><URDFElement z:Id="i312" i:type="ChildLink"><Attributes><Attribute z:Id="i313"><AttributeType>link</AttributeType><IsRequired>true</IsRequired><Value i:type="a:string" xmlns:a="http://www.w3.org/2001/XMLSchema"/></Attribute></Attributes><ChildElements/><ElementName>child</ElementName><required>true</required><NameAttribute z:Ref="i313"/></URDFElement><URDFElement z:Id="i314" i:type="Axis"><Attributes><Attribute z:Id="i315"><AttributeType>xyz</AttributeType><IsRequired>true</IsRequired><Value i:type="a:ArrayOfdouble" xmlns:a="http://schemas.microsoft.com/2003/10/Serialization/Arrays"><a:double>0</a:double><a:double>0</a:double><a:double>0</a:double></Value></Attribute></Attributes><ChildElements/><ElementName>axis</ElementName><required>false</required><XYZAttribute z:Ref="i315"/></URDFElement><URDFElement z:Id="i316" i:type="Limit"><Attributes><Attribute z:Id="i317"><AttributeType>lower</AttributeType><IsRequired>false</IsRequired><Value i:nil="true"/></Attribute><Attribute z:Id="i318"><AttributeType>upper</AttributeType><IsRequired>false</IsRequired><Value i:nil="true"/></Attribute><Attribute z:Id="i319"><AttributeType>effort</AttributeType><IsRequired>true</IsRequired><Value i:nil="true"/></Attribute><Attribute z:Id="i320"><AttributeType>velocity</AttributeType><IsRequired>true</IsRequired><Value i:nil="true"/></Attribute></Attributes><ChildElements/><ElementName>limit</ElementName><required>false</required><EffortAttribute z:Ref="i319"/><LowerAttribute z:Ref="i317"/><UpperAttribute z:Ref="i318"/><VelocityAttribute z:Ref="i320"/></URDFElement><URDFElement z:Id="i321" i:type="Calibration"><Attributes><Attribute z:Id="i322"><AttributeType>rising</AttributeType><IsRequired>false</IsRequired><Value i:nil="true"/></Attribute><Attribute z:Id="i323"><AttributeType>falling</AttributeType><IsRequired>false</IsRequired><Value i:nil="true"/></Attribute></Attributes><ChildElements/><ElementName>calibration</ElementName><required>false</required><FallingAttribute z:Ref="i323"/><RisingAttribute z:Ref="i322"/></URDFElement><URDFElement z:Id="i324" i:type="Dynamics"><Attributes><Attribute z:Id="i325"><AttributeType>damping</AttributeType><IsRequired>false</IsRequired><Value i:nil="true"/></Attribute><Attribute z:Id="i326"><AttributeType>friction</AttributeType><IsRequired>false</IsRequired><Value i:nil="true"/></Attribute></Attributes><ChildElements/><ElementName>dynamics</ElementName><required>false</required><DampingAttribute z:Ref="i325"/><FrictionAttribute z:Ref="i326"/></URDFElement><URDFElement z:Id="i327" i:type="SafetyController"><Attributes><Attribute z:Id="i328"><AttributeType>soft_upper_limit</AttributeType><IsRequired>false</IsRequired><Value i:nil="true"/></Attribute><Attribute z:Id="i329"><AttributeType>soft_lower_limit</AttributeType><IsRequired>false</IsRequired><Value i:nil="true"/></Attribute><Attribute z:Id="i330"><AttributeType>k_position</AttributeType><IsRequired>false</IsRequired><Value i:nil="true"/></Attribute><Attribute z:Id="i331"><AttributeType>k_velocity</AttributeType><IsRequired>true</IsRequired><Value i:nil="true"/></Attribute></Attributes><ChildElements/><ElementName>safety_controller</ElementName><required>false</required><KPositionAttribute z:Ref="i330"/><KVelocityAttribute z:Ref="i331"/><SoftLowerAttribute z:Ref="i329"/><SoftUpperAttribute z:Ref="i328"/></URDFElement><URDFElement z:Id="i332" i:type="Mimic"><Attributes><Attribute z:Id="i333"><AttributeType>joint</AttributeType><IsRequired>true</IsRequired><Value i:nil="true"/></Attribute><Attribute z:Id="i334"><AttributeType>multiplier</AttributeType><IsRequired>false</IsRequired><Value i:nil="true"/></Attribute><Attribute z:Id="i335"><AttributeType>offset</AttributeType><IsRequired>false</IsRequired><Value i:nil="true"/></Attribute></Attributes><ChildElements/><ElementName>mimic</ElementName><required>false</required><JointNameAttribute z:Ref="i333"/><MultiplierAttribute z:Ref="i334"/><OffsetAttribute z:Ref="i335"/></URDFElement></ChildElements><ElementName>joint</ElementName><required>false</required><Axis z:Ref="i314"/><AxisName>?????????4</AxisName><Calibration z:Ref="i321"/><Child z:Ref="i312"/><CoordinateSystemName>?????????4</CoordinateSystemName><Dynamics z:Ref="i324"/><Limit z:Ref="i316"/><Mimic z:Ref="i332"/><NameAttribute z:Ref="i305"/><Origin z:Ref="i307"/><Parent z:Ref="i310"/><Safety z:Ref="i327"/><TypeAttribute z:Ref="i306"/></URDFElement></ChildElements><ElementName>link</ElementName><required>true</required><Children><Link z:Id="i336"><Attributes><Attribute z:Id="i337"><AttributeType>name</AttributeType><IsRequired>true</IsRequired><Value i:type="a:string" xmlns:a="http://www.w3.org/2001/XMLSchema">link5</Value></Attribute></Attributes><ChildElements><URDFElement z:Id="i338" i:type="Inertial"><Attributes/><ChildElements><URDFElement z:Id="i339" i:type="Origin"><Attributes><Attribute z:Id="i340"><AttributeType>xyz</AttributeType><IsRequired>true</IsRequired><Value i:type="a:ArrayOfdouble" xmlns:a="http://schemas.microsoft.com/2003/10/Serialization/Arrays"><a:double>0</a:double><a:double>0</a:double><a:double>0</a:double></Value></Attribute><Attribute z:Id="i341"><AttributeType>rpy</AttributeType><IsRequired>true</IsRequired><Value i:type="a:ArrayOfdouble" xmlns:a="http://schemas.microsoft.com/2003/10/Serialization/Arrays"><a:double>0</a:double><a:double>0</a:double><a:double>0</a:double></Value></Attribute></Attributes><ChildElements/><ElementName>origin</ElementName><required>false</required><RPYAttribute z:Ref="i341"/><XYZAttribute z:Ref="i340"/><isCustomized>false</isCustomized></URDFElement><URDFElement z:Id="i342" i:type="Mass"><Attributes><Attribute z:Id="i343"><AttributeType>value</AttributeType><IsRequired>true</IsRequired><Value i:type="a:double" xmlns:a="http://www.w3.org/2001/XMLSchema">0</Value></Attribute></Attributes><ChildElements/><ElementName>mass</ElementName><required>false</required><ValueAttribute z:Ref="i343"/></URDFElement><URDFElement z:Id="i344" i:type="Inertia"><Attributes><Attribute z:Id="i345"><AttributeType>ixx</AttributeType><IsRequired>true</IsRequired><Value i:type="a:double" xmlns:a="http://www.w3.org/2001/XMLSchema">0</Value></Attribute><Attribute z:Id="i346"><AttributeType>ixy</AttributeType><IsRequired>true</IsRequired><Value i:type="a:double" xmlns:a="http://www.w3.org/2001/XMLSchema">0</Value></Attribute><Attribute z:Id="i347"><AttributeType>ixz</AttributeType><IsRequired>true</IsRequired><Value i:type="a:double" xmlns:a="http://www.w3.org/2001/XMLSchema">0</Value></Attribute><Attribute z:Id="i348"><AttributeType>iyy</AttributeType><IsRequired>true</IsRequired><Value i:type="a:double" xmlns:a="http://www.w3.org/2001/XMLSchema">0</Value></Attribute><Attribute z:Id="i349"><AttributeType>iyz</AttributeType><IsRequired>true</IsRequired><Value i:type="a:double" xmlns:a="http://www.w3.org/2001/XMLSchema">0</Value></Attribute><Attribute z:Id="i350"><AttributeType>izz</AttributeType><IsRequired>true</IsRequired><Value i:type="a:double" xmlns:a="http://www.w3.org/2001/XMLSchema">0</Value></Attribute></Attributes><ChildElements/><ElementName>inertia</ElementName><required>false</required><IxxAttribute z:Ref="i345"/><IxyAttribute z:Ref="i346"/><IxzAttribute z:Ref="i347"/><IyyAttribute z:Ref="i348"/><IyzAttribute z:Ref="i349"/><IzzAttribute z:Ref="i350"/></URDFElement></ChildElements><ElementName>inertial</ElementName><required>false</required><Inertia z:Ref="i344"/><Mass z:Ref="i342"/><Origin z:Ref="i339"/></URDFElement><URDFElement z:Id="i351" i:type="Visual"><Attributes/><ChildElements><URDFElement z:Id="i352" i:type="Origin"><Attributes><Attribute z:Id="i353"><AttributeType>xyz</AttributeType><IsRequired>true</IsRequired><Value i:type="a:ArrayOfdouble" xmlns:a="http://schemas.microsoft.com/2003/10/Serialization/Arrays"><a:double>0</a:double><a:double>0</a:double><a:double>0</a:double></Value></Attribute><Attribute z:Id="i354"><AttributeType>rpy</AttributeType><IsRequired>true</IsRequired><Value i:type="a:ArrayOfdouble" xmlns:a="http://schemas.microsoft.com/2003/10/Serialization/Arrays"><a:double>0</a:double><a:double>0</a:double><a:double>0</a:double></Value></Attribute></Attributes><ChildElements/><ElementName>origin</ElementName><required>false</required><RPYAttribute z:Ref="i354"/><XYZAttribute z:Ref="i353"/><isCustomized>false</isCustomized></URDFElement><URDFElement z:Id="i355" i:type="Geometry"><Attributes/><ChildElements><URDFElement z:Id="i356" i:type="Mesh"><Attributes><Attribute z:Id="i357"><AttributeType>filename</AttributeType><IsRequired>true</IsRequired><Value i:nil="true"/></Attribute></Attributes><ChildElements/><ElementName>mesh</ElementName><required>false</required><FilenameAttribute z:Ref="i357"/></URDFElement></ChildElements><ElementName>geometry</ElementName><required>true</required><Mesh z:Ref="i356"/></URDFElement><URDFElement z:Id="i358" i:type="Material"><Attributes><Attribute z:Id="i359"><AttributeType>name</AttributeType><IsRequired>true</IsRequired><Value i:type="a:string" xmlns:a="http://www.w3.org/2001/XMLSchema"/></Attribute></Attributes><ChildElements><URDFElement z:Id="i360" i:type="Color"><Attributes><Attribute z:Id="i361"><AttributeType>rgba</AttributeType><IsRequired>true</IsRequired><Value i:type="a:ArrayOfdouble" xmlns:a="http://schemas.microsoft.com/2003/10/Serialization/Arrays"><a:double>1</a:double><a:double>1</a:double><a:double>1</a:double><a:double>1</a:double></Value></Attribute></Attributes><ChildElements/><ElementName>color</ElementName><required>false</required><RGBAAttribute z:Ref="i361"/></URDFElement><URDFElement z:Id="i362" i:type="Texture"><Attributes><Attribute z:Id="i363"><AttributeType>filename</AttributeType><IsRequired>true</IsRequired><Value i:nil="true"/></Attribute></Attributes><ChildElements/><ElementName>texture</ElementName><required>false</required><FilenameAttribute z:Ref="i363"/><wFilename/></URDFElement></ChildElements><ElementName>material</ElementName><required>false</required><Color z:Ref="i360"/><NameAttribute z:Ref="i359"/><Texture z:Ref="i362"/></URDFElement></ChildElements><ElementName>visual</ElementName><required>false</required><Geometry z:Ref="i355"/><Material z:Ref="i358"/><Origin z:Ref="i352"/></URDFElement><URDFElement z:Id="i364" i:type="Collision"><Attributes/><ChildElements><URDFElement z:Id="i365" i:type="Origin"><Attributes><Attribute z:Id="i366"><AttributeType>xyz</AttributeType><IsRequired>true</IsRequired><Value i:type="a:ArrayOfdouble" xmlns:a="http://schemas.microsoft.com/2003/10/Serialization/Arrays"><a:double>0</a:double><a:double>0</a:double><a:double>0</a:double></Value></Attribute><Attribute z:Id="i367"><AttributeType>rpy</AttributeType><IsRequired>true</IsRequired><Value i:type="a:ArrayOfdouble" xmlns:a="http://schemas.microsoft.com/2003/10/Serialization/Arrays"><a:double>0</a:double><a:double>0</a:double><a:double>0</a:double></Value></Attribute></Attributes><ChildElements/><ElementName>origin</ElementName><required>false</required><RPYAttribute z:Ref="i367"/><XYZAttribute z:Ref="i366"/><isCustomized>false</isCustomized></URDFElement><URDFElement z:Id="i368" i:type="Geometry"><Attributes/><ChildElements><URDFElement z:Id="i369" i:type="Mesh"><Attributes><Attribute z:Id="i370"><AttributeType>filename</AttributeType><IsRequired>true</IsRequired><Value i:nil="true"/></Attribute></Attributes><ChildElements/><ElementName>mesh</ElementName><required>false</required><FilenameAttribute z:Ref="i370"/></URDFElement></ChildElements><ElementName>geometry</ElementName><required>true</required><Mesh z:Ref="i369"/></URDFElement></ChildElements><ElementName>collision</ElementName><required>false</required><Geometry z:Ref="i368"/><Origin z:Ref="i365"/></URDFElement><URDFElement z:Id="i371" i:type="Joint"><Attributes><Attribute z:Id="i372"><AttributeType>name</AttributeType><IsRequired>true</IsRequired><Value i:type="a:string" xmlns:a="http://www.w3.org/2001/XMLSchema">joint5</Value></Attribute><Attribute z:Id="i373"><AttributeType>type</AttributeType><IsRequired>true</IsRequired><Value i:type="a:string" xmlns:a="http://www.w3.org/2001/XMLSchema">revolute</Value></Attribute></Attributes><ChildElements><URDFElement z:Id="i374" i:type="Origin"><Attributes><Attribute z:Id="i375"><AttributeType>xyz</AttributeType><IsRequired>true</IsRequired><Value i:type="a:ArrayOfdouble" xmlns:a="http://schemas.microsoft.com/2003/10/Serialization/Arrays"><a:double>0</a:double><a:double>0</a:double><a:double>0</a:double></Value></Attribute><Attribute z:Id="i376"><AttributeType>rpy</AttributeType><IsRequired>true</IsRequired><Value i:type="a:ArrayOfdouble" xmlns:a="http://schemas.microsoft.com/2003/10/Serialization/Arrays"><a:double>0</a:double><a:double>0</a:double><a:double>0</a:double></Value></Attribute></Attributes><ChildElements/><ElementName>origin</ElementName><required>false</required><RPYAttribute z:Ref="i376"/><XYZAttribute z:Ref="i375"/><isCustomized>false</isCustomized></URDFElement><URDFElement z:Id="i377" i:type="ParentLink"><Attributes><Attribute z:Id="i378"><AttributeType>link</AttributeType><IsRequired>true</IsRequired><Value i:type="a:string" xmlns:a="http://www.w3.org/2001/XMLSchema"/></Attribute></Attributes><ChildElements/><ElementName>parent</ElementName><required>true</required><NameAttribute z:Ref="i378"/></URDFElement><URDFElement z:Id="i379" i:type="ChildLink"><Attributes><Attribute z:Id="i380"><AttributeType>link</AttributeType><IsRequired>true</IsRequired><Value i:type="a:string" xmlns:a="http://www.w3.org/2001/XMLSchema"/></Attribute></Attributes><ChildElements/><ElementName>child</ElementName><required>true</required><NameAttribute z:Ref="i380"/></URDFElement><URDFElement z:Id="i381" i:type="Axis"><Attributes><Attribute z:Id="i382"><AttributeType>xyz</AttributeType><IsRequired>true</IsRequired><Value i:type="a:ArrayOfdouble" xmlns:a="http://schemas.microsoft.com/2003/10/Serialization/Arrays"><a:double>0</a:double><a:double>0</a:double><a:double>0</a:double></Value></Attribute></Attributes><ChildElements/><ElementName>axis</ElementName><required>false</required><XYZAttribute z:Ref="i382"/></URDFElement><URDFElement z:Id="i383" i:type="Limit"><Attributes><Attribute z:Id="i384"><AttributeType>lower</AttributeType><IsRequired>false</IsRequired><Value i:nil="true"/></Attribute><Attribute z:Id="i385"><AttributeType>upper</AttributeType><IsRequired>false</IsRequired><Value i:nil="true"/></Attribute><Attribute z:Id="i386"><AttributeType>effort</AttributeType><IsRequired>true</IsRequired><Value i:nil="true"/></Attribute><Attribute z:Id="i387"><AttributeType>velocity</AttributeType><IsRequired>true</IsRequired><Value i:nil="true"/></Attribute></Attributes><ChildElements/><ElementName>limit</ElementName><required>false</required><EffortAttribute z:Ref="i386"/><LowerAttribute z:Ref="i384"/><UpperAttribute z:Ref="i385"/><VelocityAttribute z:Ref="i387"/></URDFElement><URDFElement z:Id="i388" i:type="Calibration"><Attributes><Attribute z:Id="i389"><AttributeType>rising</AttributeType><IsRequired>false</IsRequired><Value i:nil="true"/></Attribute><Attribute z:Id="i390"><AttributeType>falling</AttributeType><IsRequired>false</IsRequired><Value i:nil="true"/></Attribute></Attributes><ChildElements/><ElementName>calibration</ElementName><required>false</required><FallingAttribute z:Ref="i390"/><RisingAttribute z:Ref="i389"/></URDFElement><URDFElement z:Id="i391" i:type="Dynamics"><Attributes><Attribute z:Id="i392"><AttributeType>damping</AttributeType><IsRequired>false</IsRequired><Value i:nil="true"/></Attribute><Attribute z:Id="i393"><AttributeType>friction</AttributeType><IsRequired>false</IsRequired><Value i:nil="true"/></Attribute></Attributes><ChildElements/><ElementName>dynamics</ElementName><required>false</required><DampingAttribute z:Ref="i392"/><FrictionAttribute z:Ref="i393"/></URDFElement><URDFElement z:Id="i394" i:type="SafetyController"><Attributes><Attribute z:Id="i395"><AttributeType>soft_upper_limit</AttributeType><IsRequired>false</IsRequired><Value i:nil="true"/></Attribute><Attribute z:Id="i396"><AttributeType>soft_lower_limit</AttributeType><IsRequired>false</IsRequired><Value i:nil="true"/></Attribute><Attribute z:Id="i397"><AttributeType>k_position</AttributeType><IsRequired>false</IsRequired><Value i:nil="true"/></Attribute><Attribute z:Id="i398"><AttributeType>k_velocity</AttributeType><IsRequired>true</IsRequired><Value i:nil="true"/></Attribute></Attributes><ChildElements/><ElementName>safety_controller</ElementName><required>false</required><KPositionAttribute z:Ref="i397"/><KVelocityAttribute z:Ref="i398"/><SoftLowerAttribute z:Ref="i396"/><SoftUpperAttribute z:Ref="i395"/></URDFElement><URDFElement z:Id="i399" i:type="Mimic"><Attributes><Attribute z:Id="i400"><AttributeType>joint</AttributeType><IsRequired>true</IsRequired><Value i:nil="true"/></Attribute><Attribute z:Id="i401"><AttributeType>multiplier</AttributeType><IsRequired>false</IsRequired><Value i:nil="true"/></Attribute><Attribute z:Id="i402"><AttributeType>offset</AttributeType><IsRequired>false</IsRequired><Value i:nil="true"/></Attribute></Attributes><ChildElements/><ElementName>mimic</ElementName><required>false</required><JointNameAttribute z:Ref="i400"/><MultiplierAttribute z:Ref="i401"/><OffsetAttribute z:Ref="i402"/></URDFElement></ChildElements><ElementName>joint</ElementName><required>false</required><Axis z:Ref="i381"/><AxisName>?????????5</AxisName><Calibration z:Ref="i388"/><Child z:Ref="i379"/><CoordinateSystemName>?????????5</CoordinateSystemName><Dynamics z:Ref="i391"/><Limit z:Ref="i383"/><Mimic z:Ref="i399"/><NameAttribute z:Ref="i372"/><Origin z:Ref="i374"/><Parent z:Ref="i377"/><Safety z:Ref="i394"/><TypeAttribute z:Ref="i373"/></URDFElement></ChildElements><ElementName>link</ElementName><required>true</required><Children><Link z:Id="i403"><Attributes><Attribute z:Id="i404"><AttributeType>name</AttributeType><IsRequired>true</IsRequired><Value i:type="a:string" xmlns:a="http://www.w3.org/2001/XMLSchema">link6</Value></Attribute></Attributes><ChildElements><URDFElement z:Id="i405" i:type="Inertial"><Attributes/><ChildElements><URDFElement z:Id="i406" i:type="Origin"><Attributes><Attribute z:Id="i407"><AttributeType>xyz</AttributeType><IsRequired>true</IsRequired><Value i:type="a:ArrayOfdouble" xmlns:a="http://schemas.microsoft.com/2003/10/Serialization/Arrays"><a:double>0</a:double><a:double>0</a:double><a:double>0</a:double></Value></Attribute><Attribute z:Id="i408"><AttributeType>rpy</AttributeType><IsRequired>true</IsRequired><Value i:type="a:ArrayOfdouble" xmlns:a="http://schemas.microsoft.com/2003/10/Serialization/Arrays"><a:double>0</a:double><a:double>0</a:double><a:double>0</a:double></Value></Attribute></Attributes><ChildElements/><ElementName>origin</ElementName><required>false</required><RPYAttribute z:Ref="i408"/><XYZAttribute z:Ref="i407"/><isCustomized>false</isCustomized></URDFElement><URDFElement z:Id="i409" i:type="Mass"><Attributes><Attribute z:Id="i410"><AttributeType>value</AttributeType><IsRequired>true</IsRequired><Value i:type="a:double" xmlns:a="http://www.w3.org/2001/XMLSchema">0</Value></Attribute></Attributes><ChildElements/><ElementName>mass</ElementName><required>false</required><ValueAttribute z:Ref="i410"/></URDFElement><URDFElement z:Id="i411" i:type="Inertia"><Attributes><Attribute z:Id="i412"><AttributeType>ixx</AttributeType><IsRequired>true</IsRequired><Value i:type="a:double" xmlns:a="http://www.w3.org/2001/XMLSchema">0</Value></Attribute><Attribute z:Id="i413"><AttributeType>ixy</AttributeType><IsRequired>true</IsRequired><Value i:type="a:double" xmlns:a="http://www.w3.org/2001/XMLSchema">0</Value></Attribute><Attribute z:Id="i414"><AttributeType>ixz</AttributeType><IsRequired>true</IsRequired><Value i:type="a:double" xmlns:a="http://www.w3.org/2001/XMLSchema">0</Value></Attribute><Attribute z:Id="i415"><AttributeType>iyy</AttributeType><IsRequired>true</IsRequired><Value i:type="a:double" xmlns:a="http://www.w3.org/2001/XMLSchema">0</Value></Attribute><Attribute z:Id="i416"><AttributeType>iyz</AttributeType><IsRequired>true</IsRequired><Value i:type="a:double" xmlns:a="http://www.w3.org/2001/XMLSchema">0</Value></Attribute><Attribute z:Id="i417"><AttributeType>izz</AttributeType><IsRequired>true</IsRequired><Value i:type="a:double" xmlns:a="http://www.w3.org/2001/XMLSchema">0</Value></Attribute></Attributes><ChildElements/><ElementName>inertia</ElementName><required>false</required><IxxAttribute z:Ref="i412"/><IxyAttribute z:Ref="i413"/><IxzAttribute z:Ref="i414"/><IyyAttribute z:Ref="i415"/><IyzAttribute z:Ref="i416"/><IzzAttribute z:Ref="i417"/></URDFElement></ChildElements><ElementName>inertial</ElementName><required>false</required><Inertia z:Ref="i411"/><Mass z:Ref="i409"/><Origin z:Ref="i406"/></URDFElement><URDFElement z:Id="i418" i:type="Visual"><Attributes/><ChildElements><URDFElement z:Id="i419" i:type="Origin"><Attributes><Attribute z:Id="i420"><AttributeType>xyz</AttributeType><IsRequired>true</IsRequired><Value i:type="a:ArrayOfdouble" xmlns:a="http://schemas.microsoft.com/2003/10/Serialization/Arrays"><a:double>0</a:double><a:double>0</a:double><a:double>0</a:double></Value></Attribute><Attribute z:Id="i421"><AttributeType>rpy</AttributeType><IsRequired>true</IsRequired><Value i:type="a:ArrayOfdouble" xmlns:a="http://schemas.microsoft.com/2003/10/Serialization/Arrays"><a:double>0</a:double><a:double>0</a:double><a:double>0</a:double></Value></Attribute></Attributes><ChildElements/><ElementName>origin</ElementName><required>false</required><RPYAttribute z:Ref="i421"/><XYZAttribute z:Ref="i420"/><isCustomized>false</isCustomized></URDFElement><URDFElement z:Id="i422" i:type="Geometry"><Attributes/><ChildElements><URDFElement z:Id="i423" i:type="Mesh"><Attributes><Attribute z:Id="i424"><AttributeType>filename</AttributeType><IsRequired>true</IsRequired><Value i:nil="true"/></Attribute></Attributes><ChildElements/><ElementName>mesh</ElementName><required>false</required><FilenameAttribute z:Ref="i424"/></URDFElement></ChildElements><ElementName>geometry</ElementName><required>true</required><Mesh z:Ref="i423"/></URDFElement><URDFElement z:Id="i425" i:type="Material"><Attributes><Attribute z:Id="i426"><AttributeType>name</AttributeType><IsRequired>true</IsRequired><Value i:type="a:string" xmlns:a="http://www.w3.org/2001/XMLSchema"/></Attribute></Attributes><ChildElements><URDFElement z:Id="i427" i:type="Color"><Attributes><Attribute z:Id="i428"><AttributeType>rgba</AttributeType><IsRequired>true</IsRequired><Value i:type="a:ArrayOfdouble" xmlns:a="http://schemas.microsoft.com/2003/10/Serialization/Arrays"><a:double>1</a:double><a:double>1</a:double><a:double>1</a:double><a:double>1</a:double></Value></Attribute></Attributes><ChildElements/><ElementName>color</ElementName><required>false</required><RGBAAttribute z:Ref="i428"/></URDFElement><URDFElement z:Id="i429" i:type="Texture"><Attributes><Attribute z:Id="i430"><AttributeType>filename</AttributeType><IsRequired>true</IsRequired><Value i:nil="true"/></Attribute></Attributes><ChildElements/><ElementName>texture</ElementName><required>false</required><FilenameAttribute z:Ref="i430"/><wFilename/></URDFElement></ChildElements><ElementName>material</ElementName><required>false</required><Color z:Ref="i427"/><NameAttribute z:Ref="i426"/><Texture z:Ref="i429"/></URDFElement></ChildElements><ElementName>visual</ElementName><required>false</required><Geometry z:Ref="i422"/><Material z:Ref="i425"/><Origin z:Ref="i419"/></URDFElement><URDFElement z:Id="i431" i:type="Collision"><Attributes/><ChildElements><URDFElement z:Id="i432" i:type="Origin"><Attributes><Attribute z:Id="i433"><AttributeType>xyz</AttributeType><IsRequired>true</IsRequired><Value i:type="a:ArrayOfdouble" xmlns:a="http://schemas.microsoft.com/2003/10/Serialization/Arrays"><a:double>0</a:double><a:double>0</a:double><a:double>0</a:double></Value></Attribute><Attribute z:Id="i434"><AttributeType>rpy</AttributeType><IsRequired>true</IsRequired><Value i:type="a:ArrayOfdouble" xmlns:a="http://schemas.microsoft.com/2003/10/Serialization/Arrays"><a:double>0</a:double><a:double>0</a:double><a:double>0</a:double></Value></Attribute></Attributes><ChildElements/><ElementName>origin</ElementName><required>false</required><RPYAttribute z:Ref="i434"/><XYZAttribute z:Ref="i433"/><isCustomized>false</isCustomized></URDFElement><URDFElement z:Id="i435" i:type="Geometry"><Attributes/><ChildElements><URDFElement z:Id="i436" i:type="Mesh"><Attributes><Attribute z:Id="i437"><AttributeType>filename</AttributeType><IsRequired>true</IsRequired><Value i:nil="true"/></Attribute></Attributes><ChildElements/><ElementName>mesh</ElementName><required>false</required><FilenameAttribute z:Ref="i437"/></URDFElement></ChildElements><ElementName>geometry</ElementName><required>true</required><Mesh z:Ref="i436"/></URDFElement></ChildElements><ElementName>collision</ElementName><required>false</required><Geometry z:Ref="i435"/><Origin z:Ref="i432"/></URDFElement><URDFElement z:Id="i438" i:type="Joint"><Attributes><Attribute z:Id="i439"><AttributeType>name</AttributeType><IsRequired>true</IsRequired><Value i:type="a:string" xmlns:a="http://www.w3.org/2001/XMLSchema">joint6</Value></Attribute><Attribute z:Id="i440"><AttributeType>type</AttributeType><IsRequired>true</IsRequired><Value i:type="a:string" xmlns:a="http://www.w3.org/2001/XMLSchema">revolute</Value></Attribute></Attributes><ChildElements><URDFElement z:Id="i441" i:type="Origin"><Attributes><Attribute z:Id="i442"><AttributeType>xyz</AttributeType><IsRequired>true</IsRequired><Value i:type="a:ArrayOfdouble" xmlns:a="http://schemas.microsoft.com/2003/10/Serialization/Arrays"><a:double>0</a:double><a:double>0</a:double><a:double>0</a:double></Value></Attribute><Attribute z:Id="i443"><AttributeType>rpy</AttributeType><IsRequired>true</IsRequired><Value i:type="a:ArrayOfdouble" xmlns:a="http://schemas.microsoft.com/2003/10/Serialization/Arrays"><a:double>0</a:double><a:double>0</a:double><a:double>0</a:double></Value></Attribute></Attributes><ChildElements/><ElementName>origin</ElementName><required>false</required><RPYAttribute z:Ref="i443"/><XYZAttribute z:Ref="i442"/><isCustomized>false</isCustomized></URDFElement><URDFElement z:Id="i444" i:type="ParentLink"><Attributes><Attribute z:Id="i445"><AttributeType>link</AttributeType><IsRequired>true</IsRequired><Value i:type="a:string" xmlns:a="http://www.w3.org/2001/XMLSchema"/></Attribute></Attributes><ChildElements/><ElementName>parent</ElementName><required>true</required><NameAttribute z:Ref="i445"/></URDFElement><URDFElement z:Id="i446" i:type="ChildLink"><Attributes><Attribute z:Id="i447"><AttributeType>link</AttributeType><IsRequired>true</IsRequired><Value i:type="a:string" xmlns:a="http://www.w3.org/2001/XMLSchema"/></Attribute></Attributes><ChildElements/><ElementName>child</ElementName><required>true</required><NameAttribute z:Ref="i447"/></URDFElement><URDFElement z:Id="i448" i:type="Axis"><Attributes><Attribute z:Id="i449"><AttributeType>xyz</AttributeType><IsRequired>true</IsRequired><Value i:type="a:ArrayOfdouble" xmlns:a="http://schemas.microsoft.com/2003/10/Serialization/Arrays"><a:double>0</a:double><a:double>0</a:double><a:double>0</a:double></Value></Attribute></Attributes><ChildElements/><ElementName>axis</ElementName><required>false</required><XYZAttribute z:Ref="i449"/></URDFElement><URDFElement z:Id="i450" i:type="Limit"><Attributes><Attribute z:Id="i451"><AttributeType>lower</AttributeType><IsRequired>false</IsRequired><Value i:nil="true"/></Attribute><Attribute z:Id="i452"><AttributeType>upper</AttributeType><IsRequired>false</IsRequired><Value i:nil="true"/></Attribute><Attribute z:Id="i453"><AttributeType>effort</AttributeType><IsRequired>true</IsRequired><Value i:nil="true"/></Attribute><Attribute z:Id="i454"><AttributeType>velocity</AttributeType><IsRequired>true</IsRequired><Value i:nil="true"/></Attribute></Attributes><ChildElements/><ElementName>limit</ElementName><required>false</required><EffortAttribute z:Ref="i453"/><LowerAttribute z:Ref="i451"/><UpperAttribute z:Ref="i452"/><VelocityAttribute z:Ref="i454"/></URDFElement><URDFElement z:Id="i455" i:type="Calibration"><Attributes><Attribute z:Id="i456"><AttributeType>rising</AttributeType><IsRequired>false</IsRequired><Value i:nil="true"/></Attribute><Attribute z:Id="i457"><AttributeType>falling</AttributeType><IsRequired>false</IsRequired><Value i:nil="true"/></Attribute></Attributes><ChildElements/><ElementName>calibration</ElementName><required>false</required><FallingAttribute z:Ref="i457"/><RisingAttribute z:Ref="i456"/></URDFElement><URDFElement z:Id="i458" i:type="Dynamics"><Attributes><Attribute z:Id="i459"><AttributeType>damping</AttributeType><IsRequired>false</IsRequired><Value i:nil="true"/></Attribute><Attribute z:Id="i460"><AttributeType>friction</AttributeType><IsRequired>false</IsRequired><Value i:nil="true"/></Attribute></Attributes><ChildElements/><ElementName>dynamics</ElementName><required>false</required><DampingAttribute z:Ref="i459"/><FrictionAttribute z:Ref="i460"/></URDFElement><URDFElement z:Id="i461" i:type="SafetyController"><Attributes><Attribute z:Id="i462"><AttributeType>soft_upper_limit</AttributeType><IsRequired>false</IsRequired><Value i:nil="true"/></Attribute><Attribute z:Id="i463"><AttributeType>soft_lower_limit</AttributeType><IsRequired>false</IsRequired><Value i:nil="true"/></Attribute><Attribute z:Id="i464"><AttributeType>k_position</AttributeType><IsRequired>false</IsRequired><Value i:nil="true"/></Attribute><Attribute z:Id="i465"><AttributeType>k_velocity</AttributeType><IsRequired>true</IsRequired><Value i:nil="true"/></Attribute></Attributes><ChildElements/><ElementName>safety_controller</ElementName><required>false</required><KPositionAttribute z:Ref="i464"/><KVelocityAttribute z:Ref="i465"/><SoftLowerAttribute z:Ref="i463"/><SoftUpperAttribute z:Ref="i462"/></URDFElement><URDFElement z:Id="i466" i:type="Mimic"><Attributes><Attribute z:Id="i467"><AttributeType>joint</AttributeType><IsRequired>true</IsRequired><Value i:nil="true"/></Attribute><Attribute z:Id="i468"><AttributeType>multiplier</AttributeType><IsRequired>false</IsRequired><Value i:nil="true"/></Attribute><Attribute z:Id="i469"><AttributeType>offset</AttributeType><IsRequired>false</IsRequired><Value i:nil="true"/></Attribute></Attributes><ChildElements/><ElementName>mimic</ElementName><required>false</required><JointNameAttribute z:Ref="i467"/><MultiplierAttribute z:Ref="i468"/><OffsetAttribute z:Ref="i469"/></URDFElement></ChildElements><ElementName>joint</ElementName><required>false</required><Axis z:Ref="i448"/><AxisName>?????????6</AxisName><Calibration z:Ref="i455"/><Child z:Ref="i446"/><CoordinateSystemName>?????????6</CoordinateSystemName><Dynamics z:Ref="i458"/><Limit z:Ref="i450"/><Mimic z:Ref="i466"/><NameAttribute z:Ref="i439"/><Origin z:Ref="i441"/><Parent z:Ref="i444"/><Safety z:Ref="i461"/><TypeAttribute z:Ref="i440"/></URDFElement></ChildElements><ElementName>link</ElementName><required>true</required><Children/><Collision z:Ref="i431"/><Inertial z:Ref="i405"/><Joint z:Ref="i438"/><NameAttribute z:Ref="i404"/><Parent z:Ref="i336"/><STLQualityFine>false</STLQualityFine><SWComponentPIDs xmlns:a="http://schemas.microsoft.com/2003/10/Serialization/Arrays"><a:base64Binary>gD4AAAUAAAD//v8OK2fvei0AMQBAAMWITZFTTzEAIAAtACAAb1IsZwQAAAAQAAAAAQAAAAEAAACkAQAA</a:base64Binary></SWComponentPIDs><SWMainComponentPID i:nil="true"/><Visual z:Ref="i418"/><isFixedFrame>false</isFixedFrame><isIncomplete>false</isIncomplete></Link></Children><Collision z:Ref="i364"/><Inertial z:Ref="i338"/><Joint z:Ref="i371"/><NameAttribute z:Ref="i337"/><Parent z:Ref="i269"/><STLQualityFine>false</STLQualityFine><SWComponentPIDs xmlns:a="http://schemas.microsoft.com/2003/10/Serialization/Arrays"><a:base64Binary>gD4AAAUAAAD//v8RNXU6ZzYAlV6nXi0AMQBAAMWITZFTTzEAIAAtACAAb1IsZwQAAAAQAAAAAQAAAAEAAACWAQAA</a:base64Binary><a:base64Binary>gD4AAAUAAAD//v8Rc1GCgl8AmltQWy0AMgBAAMWITZFTTzEAIAAtACAAb1IsZwQAAAAQAAAAAQAAAAEAAACeAQAA</a:base64Binary></SWComponentPIDs><SWMainComponentPID i:nil="true"/><Visual z:Ref="i351"/><isFixedFrame>false</isFixedFrame><isIncomplete>false</isIncomplete></Link></Children><Collision z:Ref="i297"/><Inertial z:Ref="i271"/><Joint z:Ref="i304"/><NameAttribute z:Ref="i270"/><Parent z:Ref="i202"/><STLQualityFine>false</STLQualityFine><SWComponentPIDs xmlns:a="http://schemas.microsoft.com/2003/10/Serialization/Arrays"><a:base64Binary>gD4AAAUAAAD//v8RbABpAG4AawA0AC0AMQBAAMWITZFTTzEAIAAtACAAb1IsZwQAAAAQAAAAAQAAAAEAAACDAQAA</a:base64Binary><a:base64Binary>gD4AAAUAAAD//v8Rc1GCgl8AmltQWy0AMQBAAMWITZFTTzEAIAAtACAAb1IsZwQAAAAQAAAAAQAAAAEAAACKAQAA</a:base64Binary></SWComponentPIDs><SWMainComponentPID i:nil="true"/><Visual z:Ref="i284"/><isFixedFrame>false</isFixedFrame><isIncomplete>false</isIncomplete></Link></Children><Collision z:Ref="i230"/><Inertial z:Ref="i204"/><Joint z:Ref="i237"/><NameAttribute z:Ref="i203"/><Parent z:Ref="i135"/><STLQualityFine>false</STLQualityFine><SWComponentPIDs xmlns:a="http://schemas.microsoft.com/2003/10/Serialization/Arrays"><a:base64Binary>gD4AAAUAAAD//v8RbABpAG4AawAzAC0AMQBAAMWITZFTTzEAIAAtACAAb1IsZwQAAAAQAAAAAQAAAAEAAABrAQAA</a:base64Binary><a:base64Binary>gD4AAAUAAAD//v8XbABpAG4AawAzAC0AbQBhAHMAawAgAC0AMQBAAMWITZFTTzEAIAAtACAAb1IsZwQAAAAQAAAAAQAAAAEAAAB4AQAA</a:base64Binary><a:base64Binary>gD4AAAUAAAD//v8Rc1GCgl8AmltQWy0AMwBAAMWITZFTTzEAIAAtACAAb1IsZwQAAAAQAAAAAQAAAAEAAADGAQAA</a:base64Binary></SWComponentPIDs><SWMainComponentPID i:nil="true"/><Visual z:Ref="i217"/><isFixedFrame>false</isFixedFrame><isIncomplete>false</isIncomplete></Link></Children><Collision z:Ref="i163"/><Inertial z:Ref="i137"/><Joint z:Ref="i170"/><NameAttribute z:Ref="i136"/><Parent z:Ref="i68"/><STLQualityFine>false</STLQualityFine><SWComponentPIDs xmlns:a="http://schemas.microsoft.com/2003/10/Serialization/Arrays"><a:base64Binary>gD4AAAUAAAD//v8RbABpAG4AawAyAC0AMQBAAMWITZFTTzEAIAAtACAAb1IsZwQAAAAQAAAAAQAAAAEAAABZAQAA</a:base64Binary><a:base64Binary>gD4AAAUAAAD//v8WbABpAG4AawAyAC0AbQBhAHMAawAtADEAQADFiE2RU08xACAALQAgAG9SLGcEAAAAEAAAAAEAAAABAAAAYQEAAA==</a:base64Binary><a:base64Binary>gD4AAAUAAAD//v8SNAAzADQAMACaW1BbLQAzAEAAxYhNkVNPMQAgAC0AIABvUixnBAAAABAAAAABAAAAAQAAAGUBAAA=</a:base64Binary></SWComponentPIDs><SWMainComponentPID i:nil="true"/><Visual z:Ref="i150"/><isFixedFrame>false</isFixedFrame><isIncomplete>false</isIncomplete></Link></Children><Collision z:Ref="i96"/><Inertial z:Ref="i70"/><Joint z:Ref="i103"/><NameAttribute z:Ref="i69"/><Parent z:Ref="i1"/><STLQualityFine>false</STLQualityFine><SWComponentPIDs xmlns:a="http://schemas.microsoft.com/2003/10/Serialization/Arrays"><a:base64Binary>gD4AAAUAAAD//v8QdI8xAApO1nYtADEAQADFiE2RU08xACAALQAgAG9SLGcEAAAAEAAAAAEAAAABAAAA4wAAAA==</a:base64Binary><a:base64Binary>gD4AAAUAAAD//v8RNXU6ZzEA+laaWy0AMQBAAMWITZFTTzEAIAAtACAAb1IsZwQAAAAQAAAAAQAAAAEAAABCAQAA</a:base64Binary><a:base64Binary>gD4AAAUAAAD//v8SNAAzADQAMACaW1BbLQAyAEAAxYhNkVNPMQAgAC0AIABvUixnBAAAABAAAAABAAAAAQAAAOcAAAA=</a:base64Binary><a:base64Binary>gD4AAAUAAAD//v8Rc1GCgjEA+laaWy0AMQBAAMWITZFTTzEAIAAtACAAb1IsZwQAAAAQAAAAAQAAAAEAAABJAQAA</a:base64Binary><a:base64Binary>gD4AAAUAAAD//v8W1WxwURr/MwAwAHgANAAyAHgANwAtADEAQADFiE2RU08xACAALQAgAG9SLGcEAAAAEAAAAAEAAAABAAAA7gAAAA==</a:base64Binary></SWComponentPIDs><SWMainComponentPID i:nil="true"/><Visual z:Ref="i83"/><isFixedFrame>false</isFixedFrame><isIncomplete>false</isIncomplete></Link></Children><Collision z:Ref="i29"/><Inertial z:Ref="i3"/><Joint z:Ref="i36"/><NameAttribute z:Ref="i2"/><Parent i:nil="true"/><STLQualityFine>false</STLQualityFine><SWComponentPIDs xmlns:a="http://schemas.microsoft.com/2003/10/Serialization/Arrays"><a:base64Binary>gD4AAAUAAAD//v8OMFd/Zy0AMQBAAMWITZFTTzEAIAAtACAAb1IsZwQAAAAQAAAAAQAAAAEAAADvAQAA</a:base64Binary><a:base64Binary>gD4AAAUAAAD//v8SNAAzADQAMACaW1BbLQA1AEAAxYhNkVNPMQAgAC0AIABvUixnBAAAABAAAAABAAAAAQAAAK4BAAA=</a:base64Binary><a:base64Binary>gD4AAAUAAAD//v8OlV6nXi0AMwBAAMWITZFTTzEAIAAtACAAb1IsZwQAAAAQAAAAAQAAAAEAAAC0AQAA</a:base64Binary><a:base64Binary>gD4AAAUAAAD//v8YlV6nXnSPf2I2ADAAeAA4ADUAeAAxADcALQAzAEAAxYhNkVNPMQAgAC0AIABvUixnBAAAABAAAAABAAAAAQAAAMABAAA=</a:base64Binary></SWComponentPIDs><SWMainComponentPID i:nil="true"/><Visual z:Ref="i16"/><isFixedFrame>false</isFixedFrame><isIncomplete>false</isIncomplete></Link>
2025-11-03 00:01:59,706 INFO  AssemblyExportForm.cs: 309 - Saving URDF package to C:\Users\14357\Downloads\装配体1 - 副本
2025-11-03 00:01:59,706 INFO  ExportHelper.cs: 147 - Beginning the export process
2025-11-03 00:01:59,707 INFO  ExportHelper.cs: 153 - Creating package directories with name 装配体1 - 副本 and save path C:\Users\14357\Downloads
2025-11-03 00:02:00,738 INFO  ExportHelper.cs: 162 - Creating CMakeLists.txt at C:\Users\14357\Downloads\装配体1 - 副本\CMakeLists.txt
2025-11-03 00:02:00,740 INFO  ExportHelper.cs: 166 - Creating joint names config at C:\Users\14357\Downloads\装配体1 - 副本\config\joint_names_装配体1 - 副本.yaml
2025-11-03 00:02:00,741 INFO  ExportHelper.cs: 170 - Creating package.xml at C:\Users\14357\Downloads\装配体1 - 副本\package.xml
2025-11-03 00:02:00,741 INFO  PackageXMLWriter.cs: 21 - Creating package.xml at C:\Users\14357\Downloads\装配体1 - 副本\package.xml
2025-11-03 00:02:00,742 INFO  ExportHelper.cs: 177 - Creating RVIZ launch file in C:\Users\14357\Downloads\装配体1 - 副本\launch\
2025-11-03 00:02:00,742 INFO  ExportHelper.cs: 182 - Creating Gazebo launch file in C:\Users\14357\Downloads\装配体1 - 副本\launch\
2025-11-03 00:02:00,743 INFO  ExportHelper.cs: 187 - Saving existing STL preferences
2025-11-03 00:02:00,743 INFO  ExportHelper.cs: 450 - Saving users preferences
2025-11-03 00:02:00,743 INFO  ExportHelper.cs: 190 - Modifying STL preferences
2025-11-03 00:02:00,743 INFO  ExportHelper.cs: 464 - Setting STL preferences
2025-11-03 00:02:00,744 INFO  ExportHelper.cs: 196 - Found 0 hidden components 
2025-11-03 00:02:00,744 INFO  ExportHelper.cs: 197 - Hiding all components
2025-11-03 00:02:01,096 INFO  ExportHelper.cs: 204 - Beginning individual files export
2025-11-03 00:02:01,098 INFO  ExportHelper.cs: 270 - Exporting link: base_link
2025-11-03 00:02:01,099 INFO  ExportHelper.cs: 272 - Link base_link has 1 children
2025-11-03 00:02:01,099 INFO  ExportHelper.cs: 270 - Exporting link: link1
2025-11-03 00:02:01,100 INFO  ExportHelper.cs: 272 - Link link1 has 1 children
2025-11-03 00:02:01,100 INFO  ExportHelper.cs: 270 - Exporting link: link2
2025-11-03 00:02:01,100 INFO  ExportHelper.cs: 272 - Link link2 has 1 children
2025-11-03 00:02:01,101 INFO  ExportHelper.cs: 270 - Exporting link: link3
2025-11-03 00:02:01,101 INFO  ExportHelper.cs: 272 - Link link3 has 1 children
2025-11-03 00:02:01,102 INFO  ExportHelper.cs: 270 - Exporting link: link4
2025-11-03 00:02:01,103 INFO  ExportHelper.cs: 272 - Link link4 has 1 children
2025-11-03 00:02:01,103 INFO  ExportHelper.cs: 270 - Exporting link: link5
2025-11-03 00:02:01,104 INFO  ExportHelper.cs: 272 - Link link5 has 1 children
2025-11-03 00:02:01,105 INFO  ExportHelper.cs: 270 - Exporting link: link6
2025-11-03 00:02:01,105 INFO  ExportHelper.cs: 272 - Link link6 has 0 children
2025-11-03 00:02:01,105 INFO  ExportHelper.cs: 317 - link6: Exporting STL with coordinate frame 坐标系6
2025-11-03 00:02:01,105 INFO  ExportHelper.cs: 322 - link6: Reference geometry name 
2025-11-03 00:02:01,141 INFO  ExportHelper.cs: 330 - Saving STL to C:\Users\14357\Downloads\装配体1 - 副本\meshes\link6.STL
2025-11-03 00:02:01,226 INFO  ExportHelper.cs: 405 - Removing SW header in STL file
2025-11-03 00:02:01,227 INFO  ExportHelper.cs: 317 - link5: Exporting STL with coordinate frame 坐标系5
2025-11-03 00:02:01,227 INFO  ExportHelper.cs: 322 - link5: Reference geometry name 
2025-11-03 00:02:01,257 INFO  ExportHelper.cs: 330 - Saving STL to C:\Users\14357\Downloads\装配体1 - 副本\meshes\link5.STL
2025-11-03 00:02:01,363 INFO  ExportHelper.cs: 405 - Removing SW header in STL file
2025-11-03 00:02:01,363 INFO  ExportHelper.cs: 317 - link4: Exporting STL with coordinate frame 坐标系4
2025-11-03 00:02:01,364 INFO  ExportHelper.cs: 322 - link4: Reference geometry name 
2025-11-03 00:02:01,391 INFO  ExportHelper.cs: 330 - Saving STL to C:\Users\14357\Downloads\装配体1 - 副本\meshes\link4.STL
2025-11-03 00:02:01,509 INFO  ExportHelper.cs: 405 - Removing SW header in STL file
2025-11-03 00:02:01,510 INFO  ExportHelper.cs: 317 - link3: Exporting STL with coordinate frame 坐标系3
2025-11-03 00:02:01,510 INFO  ExportHelper.cs: 322 - link3: Reference geometry name 
2025-11-03 00:02:01,554 INFO  ExportHelper.cs: 330 - Saving STL to C:\Users\14357\Downloads\装配体1 - 副本\meshes\link3.STL
2025-11-03 00:02:01,708 INFO  ExportHelper.cs: 405 - Removing SW header in STL file
2025-11-03 00:02:01,708 INFO  ExportHelper.cs: 317 - link2: Exporting STL with coordinate frame 坐标系2
2025-11-03 00:02:01,709 INFO  ExportHelper.cs: 322 - link2: Reference geometry name 
2025-11-03 00:02:01,748 INFO  ExportHelper.cs: 330 - Saving STL to C:\Users\14357\Downloads\装配体1 - 副本\meshes\link2.STL
2025-11-03 00:02:01,915 INFO  ExportHelper.cs: 405 - Removing SW header in STL file
2025-11-03 00:02:01,916 INFO  ExportHelper.cs: 317 - link1: Exporting STL with coordinate frame 坐标系0/1
2025-11-03 00:02:01,916 INFO  ExportHelper.cs: 322 - link1: Reference geometry name 
2025-11-03 00:02:01,981 INFO  ExportHelper.cs: 330 - Saving STL to C:\Users\14357\Downloads\装配体1 - 副本\meshes\link1.STL
2025-11-03 00:02:02,201 INFO  ExportHelper.cs: 405 - Removing SW header in STL file
2025-11-03 00:02:02,202 INFO  ExportHelper.cs: 317 - base_link: Exporting STL with coordinate frame 坐标系0/1
2025-11-03 00:02:02,202 INFO  ExportHelper.cs: 322 - base_link: Reference geometry name 
2025-11-03 00:02:02,250 INFO  ExportHelper.cs: 330 - Saving STL to C:\Users\14357\Downloads\装配体1 - 副本\meshes\base_link.STL
2025-11-03 00:02:02,437 INFO  ExportHelper.cs: 405 - Removing SW header in STL file
2025-11-03 00:02:02,438 INFO  ExportHelper.cs: 145 - Showing all components except previously hidden components
2025-11-03 00:02:02,847 INFO  ExportHelper.cs: 145 - Resetting STL preferences
2025-11-03 00:02:02,847 INFO  ExportHelper.cs: 478 - Returning STL preferences to user preferences
2025-11-03 00:02:02,847 INFO  ExportHelper.cs: 228 - Writing URDF file to C:\Users\14357\Downloads\装配体1 - 副本\urdf\装配体1 - 副本.urdf
2025-11-03 00:02:02,849 INFO  CSVImportExport.cs: 32 - Writing CSV file C:\Users\14357\Downloads\装配体1 - 副本\urdf\装配体1 - 副本.csv
2025-11-03 00:02:02,850 ERROR CSVImportExport.cs: 130 - The following columns were not written to the CSV: Link.Joint.ChildLink.link,
2025-11-03 00:02:02,850 ERROR CSVImportExport.cs: 130 - The following columns were not written to the CSV: Link.Joint.ChildLink.link,
2025-11-03 00:02:02,853 ERROR CSVImportExport.cs: 130 - The following columns were not written to the CSV: Link.Joint.ChildLink.link,
2025-11-03 00:02:02,853 ERROR CSVImportExport.cs: 130 - The following columns were not written to the CSV: Link.Joint.ChildLink.link,
2025-11-03 00:02:02,853 ERROR CSVImportExport.cs: 130 - The following columns were not written to the CSV: Link.Joint.ChildLink.link,
2025-11-03 00:02:02,853 ERROR CSVImportExport.cs: 130 - The following columns were not written to the CSV: Link.Joint.ChildLink.link,
2025-11-03 00:02:02,853 ERROR CSVImportExport.cs: 130 - The following columns were not written to the CSV: Link.Joint.ChildLink.link,
2025-11-03 00:02:02,853 INFO  ExportHelper.cs: 234 - Copying log file
2025-11-03 00:02:02,853 INFO  ExportHelper.cs: 439 - Copying C:\Users\14357\sw2urdf_logs\sw2urdf.log to C:\Users\14357\Downloads\装配体1 - 副本\export.log
